User ID,Age,Gender,Location,Browsing History,Purchase History
0,50,Female,New York,"Electronics, Beauty, Food, Toys, Sports","34, 50, 36"
1,55,Female,Philadelphia,"Home Goods, Food, Health, Outdoor Gear, Toys","39, 38, 6"
2,36,Female,Chicago,"Health, Pet Supplies, Electronics, Beauty, Clothing","59, 43, 85"
3,32,Female,Dallas,"Outdoor Gear, Health, Pet Supplies, Sports, Beauty","36, 14, 51"
4,27,Male,San Diego,"Clothing, Beauty, Sports, Outdoor Gear, Home Goods","57, 66, 11"
5,30,Male,Philadelphia,"Pet Supplies, Health, Food, Sports, Home Goods","7, 40, 17"
6,20,Female,San Antonio,"Food, Electronics, Home Goods, Beauty, Sports","69, 54, 63"
7,57,Male,Chicago,"Clothing, Home Goods, Outdoor Gear, Toys, Electronics","64, 45, 42"
8,19,Female,Phoenix,"Pet Supplies, Home Goods, Electronics, Food, Toys","19, 36, 54"
9,22,Male,Phoenix,"Food, Outdoor Gear, Electronics, Sports, Pet Supplies","13, 16, 94"
10,37,Male,Philadelphia,"Clothing, Beauty, Pet Supplies, Sports, Health","60, 63, 69"
11,62,Male,Phoenix,"Outdoor Gear, Pet Supplies, Electronics, Beauty, Home Goods","38, 29, 54"
12,50,Male,Los Angeles,"Health, Home Goods, Food, Beauty, Sports","52, 8, 80"
13,21,Male,New York,"Sports, Food, Health, Home Goods, Outdoor Gear","92, 26, 100"
14,22,Male,Phoenix,"Electronics, Food, Outdoor Gear, Home Goods, Health","17, 83, 13"
15,27,Female,San Antonio,"Clothing, Home Goods, Sports, Pet Supplies, Outdoor Gear","55, 62, 92"
16,55,Male,Philadelphia,"Food, Clothing, Toys, Health, Outdoor Gear","81, 12, 66"
17,51,Female,Chicago,"Outdoor Gear, Clothing, Health, Electronics, Sports","98, 75, 79"
18,59,Male,Los Angeles,"Clothing, Health, Toys, Pet Supplies, Electronics","72, 7, 85"
19,26,Female,Dallas,"Home Goods, Clothing, Electronics, Toys, Food","26, 14, 90"
20,32,Female,Phoenix,"Food, Pet Supplies, Beauty, Electronics, Outdoor Gear","57, 94, 43"
21,27,Female,San Diego,"Clothing, Pet Supplies, Outdoor Gear, Beauty, Electronics","31, 41, 88"
22,36,Female,Philadelphia,"Sports, Electronics, Home Goods, Beauty, Health","50, 64, 65"
23,61,Female,Chicago,"Beauty, Home Goods, Clothing, Electronics, Outdoor Gear","40, 11, 95"
24,56,Male,Los Angeles,"Toys, Beauty, Outdoor Gear, Electronics, Clothing","71, 44, 68"
25,24,Female,San Antonio,"Food, Sports, Clothing, Electronics, Home Goods","71, 18, 33"
26,50,Male,San Jose,"Home Goods, Clothing, Toys, Health, Sports","88, 23, 44"
27,36,Male,San Jose,"Electronics, Toys, Beauty, Pet Supplies, Health","36, 63, 98"
28,29,Female,San Jose,"Clothing, Pet Supplies, Electronics, Beauty, Sports","22, 4, 90"
29,45,Male,New York,"Beauty, Toys, Outdoor Gear, Clothing, Electronics","82, 8, 44"
30,19,Male,Los Angeles,"Electronics, Health, Clothing, Toys, Pet Supplies","14, 39, 56"
31,18,Female,Los Angeles,"Electronics, Home Goods, Clothing, Food, Pet Supplies","72, 47, 43"
32,50,Female,San Jose,"Outdoor Gear, Home Goods, Pet Supplies, Sports, Toys","93, 84, 39"
33,23,Female,San Diego,"Home Goods, Food, Outdoor Gear, Toys, Electronics","64, 32, 69"
34,46,Female,San Jose,"Home Goods, Electronics, Food, Pet Supplies, Sports","5, 100, 23"
35,64,Male,Philadelphia,"Sports, Pet Supplies, Health, Outdoor Gear, Food","55, 74, 39"
36,49,Female,Dallas,"Outdoor Gear, Sports, Beauty, Food, Pet Supplies","50, 63, 37"
37,33,Male,San Antonio,"Sports, Outdoor Gear, Toys, Health, Beauty","74, 64, 30"
38,53,Female,San Jose,"Health, Toys, Beauty, Sports, Food","72, 100, 20"
39,36,Male,Philadelphia,"Toys, Sports, Pet Supplies, Health, Electronics","85, 74, 60"
40,27,Male,San Diego,"Home Goods, Pet Supplies, Outdoor Gear, Electronics, Health","23, 31, 99"
41,42,Male,San Jose,"Food, Sports, Home Goods, Pet Supplies, Health","73, 1, 4"
42,39,Male,Dallas,"Sports, Outdoor Gear, Food, Toys, Pet Supplies","56, 94, 83"
43,22,Female,Houston,"Health, Electronics, Beauty, Sports, Food","86, 2, 74"
44,24,Female,Chicago,"Clothing, Electronics, Home Goods, Toys, Beauty","4, 17, 43"
45,35,Female,New York,"Beauty, Toys, Outdoor Gear, Sports, Food","97, 42, 5"
46,42,Male,Houston,"Clothing, Electronics, Food, Outdoor Gear, Health","29, 96, 45"
47,38,Female,Los Angeles,"Electronics, Outdoor Gear, Pet Supplies, Health, Sports","29, 83, 11"
48,56,Female,Philadelphia,"Electronics, Home Goods, Health, Toys, Beauty","96, 46, 3"
49,27,Male,Dallas,"Pet Supplies, Health, Beauty, Food, Electronics","28, 28, 58"
50,35,Female,San Diego,"Home Goods, Beauty, Pet Supplies, Clothing, Electronics","14, 67, 65"
51,33,Male,San Antonio,"Health, Home Goods, Electronics, Sports, Outdoor Gear","13, 78, 38"
52,48,Female,Dallas,"Health, Electronics, Pet Supplies, Toys, Food","89, 15, 28"
53,45,Female,San Diego,"Health, Electronics, Sports, Toys, Clothing","67, 88, 52"
54,46,Male,Phoenix,"Clothing, Sports, Toys, Home Goods, Health","25, 65, 51"
55,30,Female,Los Angeles,"Sports, Food, Home Goods, Outdoor Gear, Clothing","8, 78, 45"
56,24,Female,New York,"Home Goods, Electronics, Outdoor Gear, Sports, Pet Supplies","46, 6, 51"
57,46,Female,San Antonio,"Home Goods, Health, Toys, Food, Pet Supplies","13, 34, 89"
58,26,Female,Los Angeles,"Sports, Toys, Beauty, Health, Electronics","3, 35, 65"
59,25,Male,Houston,"Beauty, Health, Toys, Electronics, Food","45, 57, 60"
60,33,Female,New York,"Electronics, Beauty, Sports, Health, Clothing","56, 84, 56"
61,20,Male,Dallas,"Electronics, Pet Supplies, Beauty, Outdoor Gear, Sports","30, 16, 56"
62,30,Male,Dallas,"Pet Supplies, Clothing, Toys, Electronics, Sports","31, 7, 75"
63,29,Male,Phoenix,"Beauty, Clothing, Home Goods, Health, Sports","30, 95, 23"
64,35,Female,Chicago,"Beauty, Electronics, Toys, Sports, Home Goods","86, 5, 49"
65,65,Male,San Diego,"Clothing, Toys, Food, Beauty, Home Goods","44, 59, 93"
66,41,Female,San Antonio,"Home Goods, Electronics, Health, Food, Clothing","85, 72, 52"
67,43,Male,San Diego,"Home Goods, Health, Beauty, Pet Supplies, Clothing","44, 66, 24"
68,28,Female,Philadelphia,"Health, Clothing, Sports, Outdoor Gear, Food","23, 7, 99"
69,48,Male,Houston,"Pet Supplies, Food, Electronics, Health, Beauty","53, 73, 7"
70,51,Male,Houston,"Food, Health, Electronics, Sports, Home Goods","23, 13, 82"
71,23,Female,Phoenix,"Electronics, Food, Home Goods, Clothing, Toys","6, 28, 92"
72,60,Male,New York,"Clothing, Beauty, Pet Supplies, Home Goods, Electronics","74, 18, 84"
73,34,Male,Philadelphia,"Electronics, Food, Home Goods, Pet Supplies, Outdoor Gear","53, 98, 72"
74,37,Male,Houston,"Pet Supplies, Electronics, Food, Sports, Outdoor Gear","74, 83, 96"
75,36,Male,San Diego,"Outdoor Gear, Food, Toys, Health, Home Goods","61, 52, 22"
76,50,Male,San Jose,"Sports, Home Goods, Pet Supplies, Food, Toys","54, 22, 20"
77,20,Female,Dallas,"Clothing, Sports, Electronics, Toys, Outdoor Gear","45, 5, 52"
78,19,Female,San Jose,"Sports, Beauty, Health, Outdoor Gear, Food","30, 82, 98"
79,57,Male,Philadelphia,"Clothing, Pet Supplies, Outdoor Gear, Food, Health","46, 11, 78"
80,39,Female,San Antonio,"Food, Home Goods, Health, Toys, Pet Supplies","86, 94, 13"
81,50,Female,Houston,"Sports, Electronics, Food, Toys, Beauty","71, 37, 81"
82,20,Female,Philadelphia,"Outdoor Gear, Home Goods, Clothing, Sports, Beauty","26, 9, 62"
83,54,Male,Dallas,"Sports, Beauty, Electronics, Food, Pet Supplies","66, 14, 98"
84,32,Female,New York,"Pet Supplies, Electronics, Home Goods, Health, Clothing","72, 88, 18"
85,23,Female,Phoenix,"Home Goods, Sports, Toys, Clothing, Health","42, 56, 15"
86,63,Female,San Diego,"Electronics, Food, Health, Clothing, Toys","19, 1, 77"
87,48,Female,San Antonio,"Sports, Pet Supplies, Outdoor Gear, Food, Clothing","88, 96, 99"
88,35,Female,Houston,"Clothing, Home Goods, Sports, Health, Pet Supplies","37, 11, 63"
89,65,Female,New York,"Electronics, Pet Supplies, Beauty, Toys, Outdoor Gear","37, 15, 36"
90,46,Female,Chicago,"Outdoor Gear, Food, Clothing, Home Goods, Toys","89, 86, 12"
91,30,Female,Dallas,"Outdoor Gear, Home Goods, Food, Toys, Sports","42, 27, 49"
92,50,Male,San Jose,"Food, Sports, Clothing, Home Goods, Outdoor Gear","9, 29, 16"
93,47,Female,San Antonio,"Clothing, Sports, Food, Home Goods, Toys","1, 30, 74"
94,63,Male,Dallas,"Pet Supplies, Clothing, Beauty, Outdoor Gear, Food","6, 24, 83"
95,51,Female,Philadelphia,"Food, Home Goods, Pet Supplies, Beauty, Toys","87, 78, 11"
96,54,Male,Dallas,"Outdoor Gear, Home Goods, Electronics, Health, Clothing","7, 37, 3"
97,34,Male,San Jose,"Sports, Food, Health, Electronics, Toys","91, 24, 26"
98,56,Male,Chicago,"Pet Supplies, Health, Home Goods, Clothing, Electronics","63, 62, 50"
99,55,Female,Phoenix,"Beauty, Toys, Health, Sports, Outdoor Gear","28, 48, 66"
100,42,Male,San Jose,"Beauty, Pet Supplies, Food, Sports, Clothing","46, 40, 70"
101,57,Female,San Antonio,"Clothing, Health, Outdoor Gear, Toys, Pet Supplies","3, 67, 76"
102,30,Male,San Diego,"Pet Supplies, Electronics, Food, Home Goods, Beauty","99, 81, 89"
103,24,Male,Chicago,"Clothing, Outdoor Gear, Toys, Electronics, Pet Supplies","48, 53, 57"
104,63,Male,Chicago,"Outdoor Gear, Clothing, Toys, Sports, Health","67, 99, 16"
105,34,Female,Philadelphia,"Beauty, Toys, Electronics, Home Goods, Health","71, 9, 72"
106,23,Female,San Diego,"Electronics, Toys, Home Goods, Beauty, Food","55, 89, 24"
107,37,Female,Houston,"Electronics, Pet Supplies, Health, Beauty, Home Goods","4, 12, 87"
108,58,Male,Phoenix,"Toys, Clothing, Home Goods, Electronics, Pet Supplies","91, 91, 3"
109,65,Male,Dallas,"Home Goods, Toys, Sports, Pet Supplies, Clothing","37, 9, 81"
110,58,Female,Los Angeles,"Electronics, Clothing, Pet Supplies, Food, Toys","81, 99, 22"
111,38,Female,Phoenix,"Sports, Outdoor Gear, Food, Toys, Health","33, 73, 96"
112,56,Male,San Antonio,"Outdoor Gear, Food, Beauty, Home Goods, Toys","76, 71, 50"
113,36,Female,San Antonio,"Pet Supplies, Outdoor Gear, Health, Home Goods, Toys","35, 8, 44"
114,54,Male,Chicago,"Food, Beauty, Health, Electronics, Toys","18, 3, 25"
115,65,Female,New York,"Toys, Food, Electronics, Sports, Outdoor Gear","84, 59, 82"
116,49,Female,Los Angeles,"Home Goods, Outdoor Gear, Sports, Health, Toys","5, 74, 93"
117,52,Male,Dallas,"Beauty, Food, Pet Supplies, Home Goods, Clothing","92, 14, 3"
118,42,Male,Phoenix,"Beauty, Food, Health, Toys, Outdoor Gear","44, 14, 64"
119,36,Female,New York,"Sports, Home Goods, Beauty, Pet Supplies, Toys","56, 28, 82"
120,57,Male,Dallas,"Food, Toys, Health, Clothing, Beauty","60, 48, 62"
121,33,Male,San Antonio,"Beauty, Home Goods, Sports, Health, Food","11, 62, 99"
122,54,Male,San Antonio,"Health, Clothing, Electronics, Sports, Pet Supplies","100, 81, 28"
123,62,Female,Philadelphia,"Food, Home Goods, Pet Supplies, Outdoor Gear, Toys","50, 59, 37"
124,55,Male,Dallas,"Food, Electronics, Outdoor Gear, Health, Beauty","56, 30, 91"
125,26,Female,Phoenix,"Pet Supplies, Food, Clothing, Sports, Home Goods","74, 48, 49"
126,42,Male,Philadelphia,"Clothing, Toys, Electronics, Pet Supplies, Food","88, 55, 70"
127,34,Female,New York,"Home Goods, Toys, Outdoor Gear, Pet Supplies, Health","76, 65, 43"
128,46,Male,Houston,"Sports, Food, Home Goods, Outdoor Gear, Electronics","54, 55, 75"
129,55,Male,Phoenix,"Clothing, Toys, Pet Supplies, Home Goods, Food","5, 95, 3"
130,21,Female,Chicago,"Outdoor Gear, Toys, Food, Beauty, Electronics","96, 61, 53"
131,43,Female,San Diego,"Clothing, Beauty, Toys, Sports, Food","50, 35, 54"
132,19,Male,New York,"Home Goods, Outdoor Gear, Toys, Beauty, Clothing","93, 80, 91"
133,57,Female,San Jose,"Toys, Food, Outdoor Gear, Home Goods, Sports","93, 71, 80"
134,64,Female,San Antonio,"Toys, Pet Supplies, Sports, Home Goods, Health","69, 22, 4"
135,49,Male,San Diego,"Toys, Home Goods, Beauty, Health, Food","40, 67, 5"
136,59,Male,Dallas,"Toys, Outdoor Gear, Home Goods, Food, Pet Supplies","24, 67, 91"
137,20,Female,Dallas,"Health, Electronics, Beauty, Pet Supplies, Food","99, 7, 8"
138,54,Female,Phoenix,"Electronics, Health, Pet Supplies, Home Goods, Clothing","81, 46, 91"
139,48,Female,San Diego,"Health, Toys, Electronics, Outdoor Gear, Sports","59, 78, 42"
140,48,Female,San Antonio,"Food, Outdoor Gear, Home Goods, Electronics, Pet Supplies","100, 57, 55"
141,20,Male,Dallas,"Food, Toys, Health, Clothing, Outdoor Gear","92, 13, 69"
142,25,Male,New York,"Beauty, Toys, Health, Outdoor Gear, Sports","81, 91, 4"
143,29,Male,Phoenix,"Toys, Pet Supplies, Clothing, Electronics, Health","11, 52, 69"
144,54,Male,San Diego,"Electronics, Food, Clothing, Toys, Health","19, 76, 4"
145,43,Male,New York,"Home Goods, Health, Electronics, Outdoor Gear, Sports","76, 60, 98"
146,52,Female,Chicago,"Toys, Food, Clothing, Outdoor Gear, Pet Supplies","63, 23, 32"
147,31,Female,Philadelphia,"Clothing, Outdoor Gear, Health, Home Goods, Pet Supplies","76, 47, 80"
148,55,Male,San Antonio,"Beauty, Electronics, Home Goods, Food, Health","29, 88, 36"
149,65,Female,New York,"Toys, Electronics, Health, Pet Supplies, Outdoor Gear","60, 82, 89"
150,32,Male,Los Angeles,"Toys, Home Goods, Food, Clothing, Beauty","47, 98, 1"
151,64,Female,San Diego,"Toys, Electronics, Home Goods, Clothing, Sports","95, 83, 63"
152,19,Male,San Jose,"Electronics, Outdoor Gear, Health, Beauty, Pet Supplies","54, 81, 27"
153,27,Female,San Diego,"Food, Clothing, Sports, Beauty, Electronics","89, 9, 9"
154,56,Female,San Antonio,"Pet Supplies, Health, Outdoor Gear, Beauty, Electronics","14, 71, 11"
155,59,Male,Los Angeles,"Electronics, Home Goods, Food, Toys, Pet Supplies","25, 28, 2"
156,22,Male,San Antonio,"Food, Clothing, Sports, Pet Supplies, Beauty","34, 95, 39"
157,31,Female,Dallas,"Pet Supplies, Clothing, Toys, Health, Beauty","40, 27, 67"
158,57,Male,Phoenix,"Health, Outdoor Gear, Food, Beauty, Electronics","18, 88, 87"
159,47,Female,San Jose,"Pet Supplies, Electronics, Food, Health, Beauty","85, 16, 8"
160,49,Male,San Antonio,"Electronics, Beauty, Home Goods, Outdoor Gear, Pet Supplies","99, 40, 96"
161,37,Female,Phoenix,"Toys, Pet Supplies, Clothing, Electronics, Food","3, 79, 70"
162,36,Male,San Antonio,"Electronics, Health, Outdoor Gear, Sports, Pet Supplies","1, 47, 70"
163,39,Female,Philadelphia,"Food, Toys, Health, Pet Supplies, Clothing","45, 63, 3"
164,38,Male,Dallas,"Toys, Health, Beauty, Pet Supplies, Home Goods","51, 49, 36"
165,45,Female,Los Angeles,"Outdoor Gear, Clothing, Home Goods, Pet Supplies, Food","94, 69, 12"
166,61,Male,Dallas,"Sports, Food, Clothing, Health, Home Goods","86, 91, 68"
167,28,Female,San Diego,"Pet Supplies, Health, Food, Clothing, Beauty","90, 79, 69"
168,24,Female,Dallas,"Beauty, Outdoor Gear, Electronics, Pet Supplies, Toys","100, 82, 89"
169,39,Female,Chicago,"Electronics, Toys, Pet Supplies, Sports, Outdoor Gear","58, 47, 68"
170,53,Female,San Antonio,"Electronics, Health, Clothing, Outdoor Gear, Sports","77, 81, 8"
171,55,Male,San Antonio,"Food, Health, Sports, Outdoor Gear, Pet Supplies","15, 95, 93"
172,33,Male,Los Angeles,"Outdoor Gear, Clothing, Pet Supplies, Toys, Beauty","75, 11, 4"
173,18,Female,New York,"Beauty, Toys, Outdoor Gear, Home Goods, Electronics","86, 40, 36"
174,46,Female,Houston,"Beauty, Clothing, Electronics, Pet Supplies, Toys","61, 12, 55"
175,61,Male,Chicago,"Clothing, Health, Sports, Home Goods, Electronics","37, 70, 14"
176,26,Female,New York,"Sports, Electronics, Outdoor Gear, Health, Food","59, 95, 38"
177,27,Male,San Jose,"Health, Beauty, Home Goods, Food, Outdoor Gear","15, 22, 44"
178,49,Female,Chicago,"Electronics, Home Goods, Outdoor Gear, Food, Health","16, 41, 25"
179,47,Male,Philadelphia,"Pet Supplies, Toys, Home Goods, Beauty, Electronics","23, 80, 32"
180,31,Male,New York,"Home Goods, Health, Sports, Clothing, Pet Supplies","86, 80, 11"
181,41,Female,Phoenix,"Outdoor Gear, Beauty, Pet Supplies, Health, Toys","45, 48, 85"
182,58,Female,Dallas,"Outdoor Gear, Clothing, Toys, Sports, Health","65, 13, 74"
183,53,Female,Dallas,"Toys, Food, Outdoor Gear, Electronics, Clothing","66, 56, 74"
184,24,Female,San Diego,"Home Goods, Clothing, Toys, Electronics, Food","11, 63, 48"
185,23,Male,New York,"Health, Clothing, Outdoor Gear, Electronics, Beauty","9, 27, 25"
186,29,Female,San Diego,"Food, Toys, Beauty, Home Goods, Electronics","17, 86, 19"
187,53,Female,San Antonio,"Outdoor Gear, Pet Supplies, Toys, Home Goods, Food","65, 15, 51"
188,33,Female,Houston,"Clothing, Health, Pet Supplies, Food, Electronics","89, 47, 100"
189,26,Female,Chicago,"Health, Food, Beauty, Sports, Pet Supplies","10, 51, 67"
190,41,Male,Houston,"Clothing, Home Goods, Health, Electronics, Pet Supplies","7, 68, 59"
191,64,Male,New York,"Home Goods, Outdoor Gear, Beauty, Electronics, Food","53, 9, 18"
192,59,Female,Dallas,"Clothing, Food, Pet Supplies, Sports, Health","31, 9, 78"
193,20,Female,Houston,"Health, Pet Supplies, Toys, Clothing, Electronics","60, 59, 40"
194,30,Female,San Antonio,"Electronics, Sports, Home Goods, Beauty, Pet Supplies","100, 58, 46"
195,45,Female,Los Angeles,"Sports, Food, Toys, Clothing, Pet Supplies","68, 37, 60"
196,48,Male,New York,"Pet Supplies, Outdoor Gear, Food, Home Goods, Health","79, 80, 17"
197,51,Male,Los Angeles,"Beauty, Pet Supplies, Food, Sports, Electronics","89, 84, 34"
198,46,Male,Dallas,"Home Goods, Health, Outdoor Gear, Food, Beauty","50, 8, 25"
199,65,Male,Phoenix,"Electronics, Beauty, Clothing, Pet Supplies, Sports","27, 42, 96"
200,37,Male,Los Angeles,"Electronics, Beauty, Clothing, Food, Sports","46, 95, 89"
201,27,Male,New York,"Food, Toys, Electronics, Health, Sports","60, 13, 2"
202,49,Male,San Diego,"Outdoor Gear, Health, Sports, Toys, Home Goods","24, 16, 17"
203,60,Female,Dallas,"Home Goods, Outdoor Gear, Pet Supplies, Toys, Beauty","86, 1, 44"
204,50,Male,Chicago,"Electronics, Pet Supplies, Health, Beauty, Sports","98, 17, 84"
205,37,Male,Philadelphia,"Beauty, Home Goods, Clothing, Food, Sports","28, 91, 38"
206,27,Female,San Diego,"Clothing, Outdoor Gear, Health, Pet Supplies, Toys","30, 27, 24"
207,33,Female,Chicago,"Food, Clothing, Sports, Toys, Outdoor Gear","40, 35, 16"
208,21,Female,Chicago,"Health, Pet Supplies, Electronics, Sports, Beauty","26, 39, 97"
209,65,Female,Philadelphia,"Pet Supplies, Sports, Electronics, Beauty, Home Goods","100, 93, 18"
210,65,Female,San Diego,"Pet Supplies, Beauty, Health, Sports, Home Goods","37, 81, 30"
211,63,Female,Phoenix,"Toys, Clothing, Beauty, Pet Supplies, Outdoor Gear","24, 80, 100"
212,48,Male,New York,"Outdoor Gear, Health, Beauty, Clothing, Toys","87, 20, 2"
213,36,Female,Dallas,"Home Goods, Toys, Sports, Beauty, Food","81, 100, 4"
214,22,Female,San Jose,"Home Goods, Beauty, Outdoor Gear, Health, Sports","26, 73, 37"
215,20,Female,Philadelphia,"Electronics, Food, Sports, Home Goods, Toys","36, 95, 51"
216,63,Male,San Jose,"Beauty, Toys, Health, Sports, Home Goods","73, 86, 83"
217,31,Female,Phoenix,"Food, Home Goods, Pet Supplies, Outdoor Gear, Health","91, 94, 20"
218,61,Female,Los Angeles,"Clothing, Outdoor Gear, Health, Sports, Beauty","56, 36, 8"
219,61,Female,San Jose,"Sports, Food, Toys, Pet Supplies, Health","41, 36, 73"
220,56,Female,San Diego,"Pet Supplies, Sports, Outdoor Gear, Health, Home Goods","50, 92, 40"
221,50,Female,Dallas,"Sports, Toys, Beauty, Health, Outdoor Gear","59, 65, 57"
222,50,Male,Los Angeles,"Home Goods, Pet Supplies, Clothing, Beauty, Sports","38, 13, 32"
223,19,Female,San Diego,"Health, Clothing, Outdoor Gear, Sports, Food","65, 25, 34"
224,27,Female,San Jose,"Electronics, Home Goods, Food, Health, Toys","89, 62, 68"
225,42,Female,Los Angeles,"Outdoor Gear, Home Goods, Toys, Clothing, Pet Supplies","44, 16, 27"
226,49,Female,San Jose,"Home Goods, Health, Pet Supplies, Toys, Clothing","7, 50, 87"
227,43,Female,Houston,"Outdoor Gear, Clothing, Pet Supplies, Home Goods, Beauty","25, 31, 32"
228,23,Female,New York,"Clothing, Home Goods, Electronics, Beauty, Health","9, 55, 73"
229,38,Female,Phoenix,"Health, Toys, Pet Supplies, Food, Beauty","19, 25, 75"
230,25,Male,Dallas,"Beauty, Toys, Home Goods, Health, Pet Supplies","5, 29, 46"
231,40,Male,Chicago,"Beauty, Food, Health, Pet Supplies, Toys","4, 27, 41"
232,38,Male,Dallas,"Home Goods, Sports, Pet Supplies, Food, Outdoor Gear","18, 79, 72"
233,47,Male,New York,"Toys, Health, Outdoor Gear, Electronics, Beauty","16, 27, 41"
234,62,Female,New York,"Sports, Electronics, Outdoor Gear, Pet Supplies, Clothing","45, 47, 55"
235,43,Female,San Antonio,"Sports, Electronics, Home Goods, Toys, Health","85, 38, 88"
236,49,Male,New York,"Sports, Pet Supplies, Outdoor Gear, Health, Home Goods","63, 28, 73"
237,23,Male,Dallas,"Electronics, Sports, Food, Toys, Outdoor Gear","23, 70, 18"
238,53,Male,New York,"Home Goods, Food, Electronics, Clothing, Toys","34, 98, 46"
239,45,Female,San Antonio,"Food, Electronics, Beauty, Pet Supplies, Outdoor Gear","63, 63, 52"
240,33,Male,Dallas,"Toys, Electronics, Outdoor Gear, Pet Supplies, Sports","1, 37, 76"
241,44,Male,Los Angeles,"Sports, Health, Beauty, Clothing, Pet Supplies","52, 17, 37"
242,41,Male,San Jose,"Pet Supplies, Clothing, Food, Sports, Health","3, 85, 96"
243,59,Female,San Antonio,"Outdoor Gear, Clothing, Pet Supplies, Toys, Health","13, 58, 1"
244,45,Female,New York,"Outdoor Gear, Electronics, Home Goods, Health, Food","17, 41, 87"
245,31,Male,San Antonio,"Health, Toys, Home Goods, Electronics, Pet Supplies","17, 56, 31"
246,27,Male,San Antonio,"Home Goods, Outdoor Gear, Clothing, Toys, Health","9, 72, 62"
247,48,Male,Chicago,"Outdoor Gear, Sports, Electronics, Beauty, Home Goods","4, 26, 80"
248,23,Female,San Antonio,"Clothing, Pet Supplies, Sports, Health, Home Goods","86, 39, 38"
249,49,Female,Dallas,"Toys, Outdoor Gear, Food, Home Goods, Clothing","21, 29, 11"
250,48,Female,Phoenix,"Home Goods, Sports, Clothing, Toys, Beauty","63, 54, 85"
251,24,Male,Philadelphia,"Outdoor Gear, Beauty, Food, Health, Sports","47, 25, 26"
252,48,Male,Chicago,"Pet Supplies, Sports, Beauty, Outdoor Gear, Health","61, 13, 3"
253,26,Female,Philadelphia,"Outdoor Gear, Toys, Sports, Beauty, Pet Supplies","44, 78, 45"
254,57,Female,Chicago,"Health, Toys, Electronics, Food, Sports","100, 54, 33"
255,31,Male,San Antonio,"Food, Electronics, Pet Supplies, Beauty, Clothing","4, 59, 55"
256,28,Male,San Antonio,"Home Goods, Food, Outdoor Gear, Beauty, Clothing","93, 27, 22"
257,26,Female,Phoenix,"Electronics, Food, Outdoor Gear, Home Goods, Sports","54, 5, 62"
258,32,Male,New York,"Electronics, Food, Home Goods, Toys, Pet Supplies","32, 10, 46"
259,20,Male,Los Angeles,"Home Goods, Toys, Electronics, Clothing, Food","45, 16, 82"
260,21,Female,Los Angeles,"Sports, Home Goods, Pet Supplies, Health, Toys","51, 77, 6"
261,60,Male,Los Angeles,"Beauty, Clothing, Food, Pet Supplies, Sports","100, 58, 97"
262,51,Female,Phoenix,"Sports, Clothing, Electronics, Home Goods, Beauty","11, 96, 22"
263,47,Female,San Jose,"Sports, Home Goods, Electronics, Food, Clothing","61, 90, 44"
264,40,Female,Philadelphia,"Electronics, Clothing, Outdoor Gear, Toys, Health","7, 17, 96"
265,28,Female,San Diego,"Toys, Health, Clothing, Electronics, Home Goods","90, 58, 12"
266,37,Male,San Diego,"Pet Supplies, Home Goods, Sports, Clothing, Beauty","14, 59, 63"
267,31,Male,Dallas,"Health, Food, Toys, Sports, Clothing","6, 90, 91"
268,35,Female,Phoenix,"Sports, Food, Home Goods, Clothing, Pet Supplies","6, 72, 66"
269,59,Male,Los Angeles,"Pet Supplies, Sports, Food, Home Goods, Outdoor Gear","4, 8, 88"
270,37,Male,Philadelphia,"Health, Beauty, Toys, Electronics, Sports","5, 46, 67"
271,23,Male,New York,"Electronics, Beauty, Sports, Pet Supplies, Health","71, 91, 58"
272,34,Female,New York,"Sports, Health, Clothing, Home Goods, Pet Supplies","33, 42, 49"
273,52,Female,Los Angeles,"Outdoor Gear, Food, Electronics, Health, Clothing","98, 2, 93"
274,56,Female,Chicago,"Outdoor Gear, Clothing, Sports, Food, Home Goods","21, 97, 15"
275,64,Male,Philadelphia,"Electronics, Pet Supplies, Home Goods, Outdoor Gear, Clothing","38, 15, 89"
276,31,Male,Chicago,"Sports, Pet Supplies, Outdoor Gear, Beauty, Toys","60, 8, 15"
277,46,Female,Philadelphia,"Home Goods, Beauty, Food, Outdoor Gear, Electronics","34, 100, 96"
278,47,Female,Chicago,"Clothing, Health, Sports, Toys, Outdoor Gear","36, 66, 38"
279,41,Male,Houston,"Outdoor Gear, Toys, Home Goods, Health, Pet Supplies","86, 3, 8"
280,51,Male,San Jose,"Electronics, Home Goods, Clothing, Outdoor Gear, Beauty","39, 90, 49"
281,50,Female,New York,"Outdoor Gear, Pet Supplies, Sports, Beauty, Home Goods","95, 63, 26"
282,31,Female,San Jose,"Pet Supplies, Electronics, Beauty, Sports, Outdoor Gear","18, 85, 48"
283,52,Male,Dallas,"Electronics, Sports, Outdoor Gear, Toys, Food","27, 32, 6"
284,52,Male,San Antonio,"Toys, Outdoor Gear, Sports, Beauty, Pet Supplies","11, 65, 22"
285,41,Male,San Diego,"Clothing, Food, Toys, Outdoor Gear, Electronics","21, 36, 70"
286,63,Female,Philadelphia,"Sports, Pet Supplies, Outdoor Gear, Clothing, Health","64, 14, 63"
287,61,Male,Chicago,"Toys, Food, Electronics, Beauty, Outdoor Gear","66, 71, 80"
288,51,Female,San Antonio,"Home Goods, Clothing, Food, Sports, Health","49, 90, 74"
289,42,Female,Chicago,"Sports, Beauty, Health, Electronics, Pet Supplies","11, 78, 20"
290,25,Female,San Antonio,"Clothing, Toys, Pet Supplies, Food, Electronics","97, 44, 98"
291,25,Male,San Diego,"Pet Supplies, Outdoor Gear, Home Goods, Toys, Sports","19, 93, 16"
292,51,Female,Philadelphia,"Health, Toys, Home Goods, Pet Supplies, Beauty","100, 82, 57"
293,49,Female,Dallas,"Beauty, Sports, Electronics, Home Goods, Health","93, 43, 19"
294,40,Female,Phoenix,"Health, Electronics, Toys, Pet Supplies, Home Goods","38, 83, 6"
295,40,Female,San Antonio,"Health, Beauty, Clothing, Pet Supplies, Sports","70, 90, 45"
296,28,Male,San Antonio,"Home Goods, Beauty, Health, Electronics, Food","28, 62, 21"
297,51,Male,Los Angeles,"Outdoor Gear, Electronics, Home Goods, Beauty, Health","26, 44, 33"
298,18,Female,Phoenix,"Electronics, Beauty, Home Goods, Clothing, Pet Supplies","78, 89, 100"
299,32,Male,Los Angeles,"Toys, Health, Beauty, Electronics, Sports","44, 4, 41"
300,54,Male,Dallas,"Food, Home Goods, Toys, Pet Supplies, Sports","79, 38, 65"
301,22,Female,San Antonio,"Pet Supplies, Clothing, Beauty, Sports, Outdoor Gear","53, 18, 59"
302,40,Male,Phoenix,"Clothing, Electronics, Home Goods, Health, Pet Supplies","66, 26, 39"
303,34,Male,Houston,"Food, Pet Supplies, Beauty, Clothing, Electronics","67, 61, 51"
304,32,Male,Dallas,"Toys, Health, Pet Supplies, Outdoor Gear, Electronics","43, 65, 60"
305,48,Female,Los Angeles,"Pet Supplies, Beauty, Food, Outdoor Gear, Health","95, 5, 77"
306,40,Female,Dallas,"Electronics, Beauty, Clothing, Food, Toys","41, 53, 32"
307,52,Female,San Diego,"Clothing, Health, Pet Supplies, Sports, Outdoor Gear","80, 96, 76"
308,55,Female,Los Angeles,"Outdoor Gear, Health, Beauty, Clothing, Pet Supplies","57, 92, 34"
309,34,Male,San Jose,"Outdoor Gear, Pet Supplies, Beauty, Sports, Health","28, 45, 70"
310,63,Male,New York,"Home Goods, Outdoor Gear, Health, Beauty, Clothing","92, 82, 22"
311,22,Female,San Diego,"Clothing, Beauty, Food, Health, Home Goods","48, 78, 60"
312,46,Male,Los Angeles,"Outdoor Gear, Health, Clothing, Food, Beauty","90, 53, 90"
313,46,Male,San Diego,"Sports, Home Goods, Beauty, Food, Outdoor Gear","41, 21, 6"
314,44,Male,Dallas,"Pet Supplies, Outdoor Gear, Beauty, Clothing, Electronics","41, 55, 35"
315,31,Male,Philadelphia,"Pet Supplies, Food, Beauty, Toys, Sports","37, 17, 38"
316,19,Female,San Jose,"Sports, Home Goods, Electronics, Health, Clothing","92, 20, 37"
317,21,Male,Dallas,"Electronics, Health, Outdoor Gear, Pet Supplies, Clothing","93, 91, 42"
318,54,Female,Los Angeles,"Pet Supplies, Toys, Sports, Clothing, Electronics","78, 2, 52"
319,28,Female,Los Angeles,"Food, Sports, Clothing, Beauty, Electronics","8, 38, 45"
320,28,Female,Los Angeles,"Electronics, Toys, Pet Supplies, Health, Clothing","47, 12, 42"
321,28,Female,Houston,"Sports, Electronics, Pet Supplies, Food, Beauty","10, 5, 15"
322,25,Female,New York,"Beauty, Outdoor Gear, Pet Supplies, Clothing, Toys","10, 32, 79"
323,20,Female,San Antonio,"Outdoor Gear, Toys, Beauty, Sports, Electronics","21, 18, 35"
324,59,Male,Los Angeles,"Sports, Electronics, Pet Supplies, Home Goods, Beauty","42, 7, 68"
325,39,Female,Chicago,"Sports, Clothing, Electronics, Food, Pet Supplies","41, 80, 32"
326,18,Male,Philadelphia,"Home Goods, Toys, Beauty, Electronics, Health","1, 89, 2"
327,51,Female,New York,"Pet Supplies, Electronics, Clothing, Beauty, Food","77, 3, 79"
328,50,Female,San Antonio,"Sports, Electronics, Pet Supplies, Food, Beauty","91, 43, 41"
329,65,Male,Chicago,"Clothing, Beauty, Toys, Food, Outdoor Gear","1, 21, 66"
330,46,Female,Phoenix,"Toys, Sports, Pet Supplies, Beauty, Home Goods","47, 38, 39"
331,54,Male,Phoenix,"Toys, Clothing, Sports, Pet Supplies, Home Goods","71, 2, 59"
332,55,Female,Los Angeles,"Toys, Sports, Health, Electronics, Beauty","48, 35, 41"
333,64,Female,New York,"Sports, Home Goods, Toys, Outdoor Gear, Clothing","66, 85, 73"
334,32,Male,San Antonio,"Health, Beauty, Toys, Clothing, Pet Supplies","13, 67, 61"
335,35,Male,Phoenix,"Health, Clothing, Sports, Outdoor Gear, Toys","94, 72, 73"
336,48,Male,Houston,"Electronics, Food, Health, Outdoor Gear, Beauty","75, 20, 50"
337,46,Male,San Antonio,"Electronics, Food, Sports, Health, Outdoor Gear","88, 28, 67"
338,41,Male,Dallas,"Pet Supplies, Beauty, Electronics, Sports, Health","22, 54, 34"
339,18,Female,Dallas,"Electronics, Food, Health, Toys, Sports","50, 77, 87"
340,18,Female,New York,"Health, Sports, Beauty, Toys, Outdoor Gear","69, 46, 48"
341,26,Male,San Diego,"Beauty, Clothing, Home Goods, Sports, Health","11, 34, 24"
342,30,Male,Dallas,"Home Goods, Food, Toys, Sports, Beauty","28, 70, 48"
343,25,Female,San Diego,"Food, Home Goods, Beauty, Electronics, Toys","59, 46, 89"
344,46,Male,Los Angeles,"Clothing, Beauty, Food, Pet Supplies, Electronics","29, 48, 77"
345,64,Female,Houston,"Toys, Beauty, Health, Electronics, Sports","3, 56, 64"
346,55,Male,Los Angeles,"Clothing, Sports, Health, Beauty, Food","71, 31, 19"
347,26,Female,San Antonio,"Home Goods, Food, Pet Supplies, Clothing, Electronics","43, 60, 55"
348,60,Male,Chicago,"Home Goods, Food, Outdoor Gear, Pet Supplies, Electronics","58, 83, 79"
349,33,Male,Houston,"Outdoor Gear, Toys, Clothing, Food, Sports","85, 83, 27"
350,40,Female,Dallas,"Electronics, Toys, Home Goods, Food, Sports","96, 39, 64"
351,25,Male,Dallas,"Health, Clothing, Outdoor Gear, Home Goods, Toys","70, 43, 5"
352,20,Female,Dallas,"Electronics, Outdoor Gear, Clothing, Home Goods, Pet Supplies","6, 74, 88"
353,30,Male,Dallas,"Beauty, Home Goods, Sports, Pet Supplies, Food","28, 34, 77"
354,26,Female,San Jose,"Outdoor Gear, Health, Clothing, Pet Supplies, Sports","80, 9, 68"
355,45,Male,Philadelphia,"Pet Supplies, Food, Clothing, Home Goods, Electronics","97, 73, 51"
356,30,Female,San Antonio,"Clothing, Pet Supplies, Home Goods, Health, Toys","3, 37, 16"
357,24,Female,New York,"Home Goods, Beauty, Clothing, Toys, Outdoor Gear","57, 50, 56"
358,48,Female,Philadelphia,"Health, Sports, Electronics, Pet Supplies, Food","10, 49, 5"
359,59,Male,Phoenix,"Health, Outdoor Gear, Electronics, Clothing, Beauty","15, 47, 63"
360,23,Male,Chicago,"Clothing, Home Goods, Electronics, Pet Supplies, Toys","50, 7, 22"
361,55,Female,San Antonio,"Sports, Clothing, Food, Beauty, Health","50, 88, 15"
362,41,Female,Phoenix,"Toys, Outdoor Gear, Home Goods, Electronics, Pet Supplies","8, 73, 29"
363,20,Male,San Jose,"Outdoor Gear, Sports, Beauty, Food, Electronics","4, 7, 27"
364,38,Female,New York,"Home Goods, Clothing, Sports, Health, Electronics","31, 86, 1"
365,53,Female,Chicago,"Sports, Health, Outdoor Gear, Beauty, Electronics","53, 76, 73"
366,45,Female,Philadelphia,"Toys, Beauty, Home Goods, Health, Pet Supplies","16, 35, 33"
367,22,Male,Los Angeles,"Health, Outdoor Gear, Sports, Home Goods, Clothing","37, 48, 88"
368,57,Male,Houston,"Sports, Health, Pet Supplies, Toys, Home Goods","21, 44, 38"
369,65,Female,San Diego,"Pet Supplies, Clothing, Food, Outdoor Gear, Beauty","1, 66, 9"
370,36,Male,Phoenix,"Food, Beauty, Home Goods, Toys, Sports","40, 31, 58"
371,55,Female,Philadelphia,"Outdoor Gear, Health, Toys, Clothing, Food","31, 71, 38"
372,58,Female,San Diego,"Health, Clothing, Sports, Food, Electronics","8, 74, 57"
373,23,Male,New York,"Clothing, Beauty, Electronics, Toys, Pet Supplies","83, 68, 85"
374,40,Female,Philadelphia,"Health, Sports, Toys, Clothing, Outdoor Gear","6, 47, 55"
375,29,Female,San Diego,"Pet Supplies, Sports, Beauty, Electronics, Health","23, 24, 60"
376,46,Female,San Diego,"Pet Supplies, Beauty, Health, Home Goods, Sports","37, 30, 57"
377,52,Female,San Diego,"Pet Supplies, Toys, Health, Food, Beauty","11, 65, 45"
378,26,Female,Philadelphia,"Sports, Beauty, Toys, Food, Clothing","1, 96, 13"
379,18,Female,Los Angeles,"Outdoor Gear, Home Goods, Beauty, Toys, Pet Supplies","95, 14, 100"
380,62,Male,New York,"Food, Clothing, Pet Supplies, Electronics, Health","9, 91, 93"
381,65,Male,Phoenix,"Electronics, Clothing, Outdoor Gear, Pet Supplies, Food","18, 58, 82"
382,19,Female,San Diego,"Sports, Health, Pet Supplies, Electronics, Clothing","53, 97, 66"
383,45,Male,San Diego,"Home Goods, Beauty, Pet Supplies, Outdoor Gear, Clothing","28, 8, 8"
384,64,Female,San Diego,"Electronics, Home Goods, Health, Pet Supplies, Beauty","32, 100, 95"
385,21,Female,San Jose,"Pet Supplies, Beauty, Toys, Sports, Food","18, 51, 97"
386,58,Male,Los Angeles,"Food, Clothing, Toys, Outdoor Gear, Health","66, 60, 60"
387,30,Female,San Antonio,"Food, Home Goods, Health, Pet Supplies, Outdoor Gear","60, 97, 46"
388,30,Male,Los Angeles,"Food, Beauty, Electronics, Toys, Home Goods","44, 62, 82"
389,43,Male,New York,"Toys, Outdoor Gear, Pet Supplies, Home Goods, Beauty","60, 17, 76"
390,65,Female,New York,"Toys, Health, Pet Supplies, Outdoor Gear, Food","22, 49, 30"
391,21,Male,San Jose,"Food, Health, Pet Supplies, Beauty, Outdoor Gear","55, 43, 99"
392,40,Female,San Antonio,"Clothing, Home Goods, Beauty, Food, Health","21, 10, 61"
393,25,Male,Houston,"Electronics, Sports, Toys, Food, Outdoor Gear","78, 34, 53"
394,25,Male,San Diego,"Clothing, Sports, Pet Supplies, Toys, Outdoor Gear","29, 13, 63"
395,38,Male,Houston,"Outdoor Gear, Sports, Home Goods, Beauty, Electronics","91, 80, 93"
396,34,Female,San Diego,"Pet Supplies, Health, Home Goods, Outdoor Gear, Toys","95, 49, 72"
397,64,Female,New York,"Food, Clothing, Beauty, Outdoor Gear, Sports","47, 54, 14"
398,65,Male,Houston,"Clothing, Pet Supplies, Beauty, Electronics, Food","29, 21, 10"
399,53,Female,Los Angeles,"Home Goods, Health, Pet Supplies, Beauty, Electronics","90, 97, 86"
400,52,Male,Houston,"Health, Pet Supplies, Toys, Outdoor Gear, Sports","99, 64, 25"
401,63,Female,Los Angeles,"Food, Sports, Health, Toys, Clothing","43, 33, 39"
402,30,Female,San Diego,"Food, Pet Supplies, Health, Home Goods, Toys","88, 64, 58"
403,54,Male,Houston,"Food, Health, Pet Supplies, Beauty, Home Goods","31, 71, 29"
404,40,Female,San Diego,"Sports, Clothing, Beauty, Home Goods, Health","21, 15, 70"
405,30,Male,San Antonio,"Electronics, Sports, Home Goods, Toys, Food","4, 84, 86"
406,56,Male,Chicago,"Food, Pet Supplies, Sports, Health, Electronics","13, 19, 75"
407,24,Female,Phoenix,"Home Goods, Electronics, Health, Sports, Clothing","54, 97, 81"
408,37,Female,Chicago,"Beauty, Health, Toys, Clothing, Sports","28, 44, 76"
409,54,Female,Philadelphia,"Health, Toys, Electronics, Beauty, Outdoor Gear","54, 70, 75"
410,63,Female,Philadelphia,"Health, Food, Home Goods, Beauty, Outdoor Gear","83, 97, 32"
411,41,Male,San Diego,"Home Goods, Pet Supplies, Health, Clothing, Electronics","61, 11, 42"
412,63,Male,Philadelphia,"Outdoor Gear, Electronics, Sports, Toys, Home Goods","82, 6, 30"
413,64,Male,Dallas,"Outdoor Gear, Toys, Food, Beauty, Pet Supplies","42, 94, 50"
414,56,Male,Dallas,"Toys, Home Goods, Outdoor Gear, Electronics, Pet Supplies","100, 11, 68"
415,42,Female,San Antonio,"Food, Electronics, Sports, Pet Supplies, Health","57, 34, 9"
416,28,Male,Los Angeles,"Outdoor Gear, Clothing, Sports, Pet Supplies, Toys","89, 99, 56"
417,49,Male,Dallas,"Sports, Electronics, Toys, Food, Clothing","42, 25, 99"
418,44,Male,Phoenix,"Pet Supplies, Beauty, Sports, Toys, Electronics","97, 76, 63"
419,48,Male,Philadelphia,"Outdoor Gear, Health, Toys, Home Goods, Electronics","17, 74, 89"
420,55,Male,Chicago,"Electronics, Home Goods, Toys, Food, Clothing","57, 27, 27"
421,25,Male,Chicago,"Home Goods, Toys, Health, Beauty, Sports","50, 12, 6"
422,62,Male,San Antonio,"Toys, Outdoor Gear, Clothing, Pet Supplies, Beauty","38, 36, 37"
423,33,Male,Chicago,"Outdoor Gear, Electronics, Toys, Home Goods, Food","44, 64, 54"
424,57,Male,Los Angeles,"Beauty, Clothing, Sports, Toys, Pet Supplies","28, 64, 96"
425,34,Female,San Diego,"Clothing, Outdoor Gear, Home Goods, Food, Sports","38, 70, 56"
426,41,Male,San Antonio,"Home Goods, Toys, Clothing, Outdoor Gear, Pet Supplies","32, 56, 26"
427,38,Male,Houston,"Clothing, Home Goods, Toys, Beauty, Food","19, 21, 54"
428,40,Female,Houston,"Electronics, Clothing, Health, Pet Supplies, Sports","72, 18, 31"
429,21,Female,San Diego,"Health, Sports, Pet Supplies, Beauty, Electronics","3, 95, 17"
430,50,Female,Houston,"Health, Beauty, Toys, Clothing, Home Goods","70, 17, 32"
431,21,Male,San Antonio,"Beauty, Food, Toys, Clothing, Home Goods","16, 60, 21"
432,47,Male,San Antonio,"Sports, Toys, Food, Outdoor Gear, Electronics","93, 83, 89"
433,23,Female,Philadelphia,"Sports, Outdoor Gear, Beauty, Pet Supplies, Clothing","36, 26, 58"
434,41,Male,Phoenix,"Sports, Toys, Health, Electronics, Food","36, 12, 24"
435,43,Female,New York,"Health, Food, Electronics, Pet Supplies, Clothing","72, 52, 14"
436,30,Male,San Jose,"Outdoor Gear, Beauty, Food, Health, Sports","96, 87, 71"
437,46,Male,San Diego,"Outdoor Gear, Beauty, Toys, Food, Clothing","78, 87, 63"
438,42,Female,New York,"Toys, Food, Clothing, Health, Home Goods","74, 90, 87"
439,59,Male,Chicago,"Electronics, Clothing, Pet Supplies, Outdoor Gear, Food","22, 3, 91"
440,63,Female,Chicago,"Toys, Home Goods, Sports, Electronics, Food","95, 53, 42"
441,36,Female,San Antonio,"Food, Outdoor Gear, Sports, Toys, Electronics","67, 50, 17"
442,42,Male,New York,"Clothing, Beauty, Home Goods, Electronics, Food","26, 78, 53"
443,51,Female,San Diego,"Toys, Electronics, Sports, Clothing, Pet Supplies","62, 35, 26"
444,22,Male,Philadelphia,"Food, Outdoor Gear, Pet Supplies, Sports, Beauty","35, 61, 34"
445,55,Female,Chicago,"Home Goods, Beauty, Outdoor Gear, Pet Supplies, Sports","90, 39, 36"
446,60,Female,Dallas,"Health, Clothing, Food, Outdoor Gear, Home Goods","37, 24, 23"
447,27,Male,Phoenix,"Food, Beauty, Outdoor Gear, Home Goods, Clothing","32, 48, 78"
448,49,Male,San Diego,"Toys, Electronics, Home Goods, Clothing, Pet Supplies","70, 7, 30"
449,38,Male,Philadelphia,"Pet Supplies, Beauty, Home Goods, Clothing, Toys","25, 15, 83"
450,45,Male,San Jose,"Clothing, Outdoor Gear, Pet Supplies, Health, Beauty","82, 55, 2"
451,44,Male,Los Angeles,"Beauty, Health, Food, Clothing, Outdoor Gear","86, 50, 33"
452,65,Male,San Jose,"Toys, Health, Pet Supplies, Outdoor Gear, Clothing","53, 80, 11"
453,54,Female,Philadelphia,"Outdoor Gear, Pet Supplies, Beauty, Clothing, Sports","98, 87, 63"
454,41,Male,Los Angeles,"Home Goods, Electronics, Beauty, Outdoor Gear, Sports","78, 72, 72"
455,34,Female,Dallas,"Toys, Clothing, Pet Supplies, Sports, Home Goods","89, 24, 85"
456,43,Female,Los Angeles,"Beauty, Toys, Outdoor Gear, Home Goods, Food","59, 48, 23"
457,46,Male,Chicago,"Electronics, Pet Supplies, Toys, Beauty, Clothing","94, 73, 93"
458,54,Male,San Jose,"Clothing, Pet Supplies, Beauty, Home Goods, Electronics","73, 75, 84"
459,34,Female,San Jose,"Beauty, Clothing, Home Goods, Sports, Outdoor Gear","91, 82, 79"
460,54,Male,New York,"Clothing, Sports, Food, Outdoor Gear, Electronics","42, 85, 100"
461,45,Male,San Antonio,"Pet Supplies, Sports, Home Goods, Beauty, Food","31, 78, 51"
462,42,Male,Los Angeles,"Home Goods, Pet Supplies, Health, Toys, Electronics","95, 62, 28"
463,31,Male,Dallas,"Sports, Health, Pet Supplies, Outdoor Gear, Food","18, 73, 41"
464,29,Male,Dallas,"Food, Electronics, Beauty, Outdoor Gear, Pet Supplies","33, 41, 93"
465,51,Female,Houston,"Pet Supplies, Outdoor Gear, Beauty, Sports, Clothing","44, 93, 32"
466,48,Female,San Diego,"Home Goods, Sports, Toys, Pet Supplies, Outdoor Gear","3, 69, 62"
467,53,Female,Los Angeles,"Clothing, Food, Toys, Sports, Electronics","63, 85, 18"
468,39,Male,New York,"Pet Supplies, Beauty, Food, Sports, Health","79, 100, 68"
469,57,Male,New York,"Sports, Home Goods, Outdoor Gear, Toys, Pet Supplies","64, 64, 93"
470,24,Female,Phoenix,"Toys, Home Goods, Electronics, Clothing, Food","32, 53, 52"
471,21,Male,New York,"Beauty, Health, Outdoor Gear, Clothing, Sports","26, 20, 10"
472,42,Female,Houston,"Food, Electronics, Outdoor Gear, Beauty, Pet Supplies","42, 39, 98"
473,19,Female,Phoenix,"Outdoor Gear, Toys, Pet Supplies, Sports, Clothing","51, 51, 15"
474,52,Female,Phoenix,"Outdoor Gear, Beauty, Clothing, Toys, Sports","25, 4, 34"
475,20,Female,San Antonio,"Toys, Outdoor Gear, Sports, Electronics, Clothing","91, 18, 47"
476,27,Female,Houston,"Outdoor Gear, Electronics, Food, Toys, Home Goods","46, 33, 20"
477,52,Male,Los Angeles,"Food, Beauty, Outdoor Gear, Health, Electronics","17, 40, 13"
478,20,Male,San Jose,"Health, Clothing, Electronics, Food, Outdoor Gear","44, 38, 47"
479,32,Male,Chicago,"Home Goods, Beauty, Sports, Pet Supplies, Food","25, 22, 43"
480,53,Male,Phoenix,"Electronics, Beauty, Outdoor Gear, Toys, Clothing","63, 12, 71"
481,27,Female,San Jose,"Home Goods, Toys, Outdoor Gear, Sports, Pet Supplies","5, 58, 80"
482,60,Female,Los Angeles,"Home Goods, Sports, Electronics, Food, Beauty","54, 57, 20"
483,33,Female,Philadelphia,"Outdoor Gear, Sports, Toys, Home Goods, Clothing","15, 55, 25"
484,61,Male,Los Angeles,"Sports, Pet Supplies, Beauty, Toys, Clothing","89, 83, 39"
485,49,Male,San Antonio,"Toys, Clothing, Outdoor Gear, Health, Sports","86, 2, 24"
486,45,Male,Dallas,"Sports, Food, Health, Beauty, Outdoor Gear","22, 39, 99"
487,46,Female,Philadelphia,"Health, Beauty, Toys, Pet Supplies, Home Goods","73, 7, 40"
488,24,Male,Philadelphia,"Electronics, Pet Supplies, Sports, Outdoor Gear, Food","98, 24, 80"
489,52,Female,Phoenix,"Home Goods, Outdoor Gear, Sports, Pet Supplies, Clothing","17, 35, 36"
490,22,Female,San Diego,"Clothing, Toys, Pet Supplies, Food, Beauty","84, 28, 55"
491,26,Female,Houston,"Electronics, Toys, Clothing, Sports, Food","69, 99, 2"
492,37,Female,Phoenix,"Toys, Outdoor Gear, Health, Electronics, Beauty","96, 16, 75"
493,59,Male,Philadelphia,"Sports, Health, Electronics, Food, Home Goods","39, 7, 80"
494,33,Female,San Antonio,"Clothing, Beauty, Electronics, Pet Supplies, Home Goods","67, 72, 37"
495,50,Female,Philadelphia,"Outdoor Gear, Pet Supplies, Food, Clothing, Sports","71, 55, 6"
496,34,Female,San Antonio,"Clothing, Outdoor Gear, Electronics, Beauty, Sports","98, 23, 52"
497,60,Male,Chicago,"Food, Pet Supplies, Home Goods, Health, Electronics","29, 8, 88"
498,54,Male,Dallas,"Pet Supplies, Home Goods, Outdoor Gear, Electronics, Sports","75, 89, 56"
499,60,Male,Philadelphia,"Home Goods, Outdoor Gear, Toys, Health, Food","71, 52, 98"
500,52,Male,New York,"Health, Pet Supplies, Home Goods, Sports, Food","4, 2, 59"
501,65,Female,New York,"Food, Outdoor Gear, Sports, Beauty, Toys","78, 29, 56"
502,43,Female,Dallas,"Home Goods, Toys, Outdoor Gear, Clothing, Health","64, 7, 43"
503,27,Female,San Diego,"Outdoor Gear, Toys, Sports, Home Goods, Pet Supplies","44, 10, 30"
504,22,Female,Chicago,"Clothing, Health, Home Goods, Electronics, Pet Supplies","76, 63, 86"
505,32,Female,Phoenix,"Beauty, Health, Sports, Home Goods, Pet Supplies","12, 78, 38"
506,36,Female,San Jose,"Beauty, Clothing, Food, Toys, Outdoor Gear","67, 59, 46"
507,58,Male,Houston,"Beauty, Pet Supplies, Home Goods, Health, Toys","39, 48, 73"
508,62,Male,Houston,"Sports, Food, Pet Supplies, Outdoor Gear, Home Goods","22, 96, 76"
509,18,Male,Los Angeles,"Food, Toys, Clothing, Electronics, Beauty","17, 79, 58"
510,60,Male,Phoenix,"Outdoor Gear, Food, Toys, Clothing, Health","11, 38, 57"
511,26,Male,Phoenix,"Food, Toys, Electronics, Beauty, Health","82, 19, 82"
512,42,Female,Dallas,"Clothing, Pet Supplies, Food, Outdoor Gear, Sports","88, 17, 13"
513,21,Male,Los Angeles,"Toys, Food, Health, Beauty, Outdoor Gear","83, 39, 24"
514,27,Male,San Diego,"Outdoor Gear, Home Goods, Clothing, Beauty, Sports","77, 96, 78"
515,32,Female,New York,"Home Goods, Clothing, Food, Pet Supplies, Health","36, 50, 98"
516,22,Male,San Jose,"Clothing, Sports, Outdoor Gear, Electronics, Health","53, 59, 3"
517,45,Female,San Antonio,"Toys, Pet Supplies, Beauty, Home Goods, Health","37, 29, 90"
518,44,Female,San Antonio,"Beauty, Outdoor Gear, Sports, Clothing, Health","20, 16, 65"
519,31,Female,Dallas,"Food, Toys, Electronics, Clothing, Health","57, 60, 52"
520,33,Male,Houston,"Food, Toys, Home Goods, Clothing, Beauty","91, 85, 2"
521,57,Male,San Diego,"Beauty, Food, Pet Supplies, Outdoor Gear, Sports","65, 5, 86"
522,54,Female,New York,"Pet Supplies, Toys, Health, Home Goods, Food","75, 1, 42"
523,26,Female,Los Angeles,"Sports, Beauty, Toys, Home Goods, Food","37, 78, 87"
524,55,Female,Los Angeles,"Health, Sports, Electronics, Clothing, Pet Supplies","49, 22, 73"
525,34,Male,Philadelphia,"Beauty, Outdoor Gear, Pet Supplies, Clothing, Health","48, 45, 50"
526,42,Male,San Jose,"Health, Sports, Toys, Electronics, Food","87, 65, 8"
527,54,Female,San Jose,"Health, Home Goods, Clothing, Food, Toys","43, 30, 69"
528,32,Male,San Antonio,"Pet Supplies, Sports, Electronics, Outdoor Gear, Beauty","38, 77, 60"
529,26,Female,Houston,"Home Goods, Clothing, Toys, Electronics, Pet Supplies","21, 62, 62"
530,35,Female,San Jose,"Pet Supplies, Outdoor Gear, Toys, Clothing, Home Goods","83, 67, 39"
531,33,Male,Chicago,"Food, Beauty, Clothing, Toys, Electronics","37, 64, 96"
532,57,Male,Dallas,"Beauty, Outdoor Gear, Clothing, Health, Pet Supplies","6, 1, 74"
533,28,Male,New York,"Electronics, Outdoor Gear, Food, Health, Toys","35, 65, 92"
534,36,Male,Chicago,"Home Goods, Food, Sports, Health, Beauty","21, 65, 13"
535,61,Male,Los Angeles,"Pet Supplies, Home Goods, Clothing, Health, Food","14, 50, 76"
536,56,Female,San Jose,"Health, Clothing, Sports, Beauty, Electronics","20, 37, 72"
537,37,Male,Phoenix,"Toys, Health, Clothing, Home Goods, Food","57, 9, 40"
538,50,Male,Philadelphia,"Outdoor Gear, Toys, Sports, Home Goods, Pet Supplies","60, 18, 80"
539,41,Male,San Antonio,"Health, Toys, Clothing, Sports, Pet Supplies","94, 50, 44"
540,57,Female,San Jose,"Pet Supplies, Clothing, Home Goods, Health, Toys","44, 68, 37"
541,37,Female,Dallas,"Outdoor Gear, Sports, Electronics, Food, Beauty","29, 44, 96"
542,41,Male,New York,"Outdoor Gear, Beauty, Pet Supplies, Health, Clothing","80, 51, 68"
543,52,Female,Dallas,"Health, Sports, Pet Supplies, Home Goods, Outdoor Gear","83, 6, 52"
544,45,Male,New York,"Sports, Food, Home Goods, Health, Clothing","88, 71, 59"
545,49,Male,Los Angeles,"Pet Supplies, Sports, Beauty, Toys, Electronics","39, 20, 77"
546,35,Male,Phoenix,"Health, Pet Supplies, Sports, Home Goods, Toys","87, 12, 32"
547,21,Female,San Diego,"Home Goods, Clothing, Toys, Sports, Pet Supplies","15, 66, 90"
548,50,Male,Phoenix,"Electronics, Clothing, Health, Beauty, Pet Supplies","83, 7, 28"
549,64,Female,Chicago,"Outdoor Gear, Health, Pet Supplies, Clothing, Toys","40, 8, 62"
550,48,Female,New York,"Electronics, Beauty, Clothing, Home Goods, Health","39, 28, 79"
551,53,Female,Dallas,"Electronics, Beauty, Toys, Pet Supplies, Outdoor Gear","56, 91, 65"
552,46,Male,San Jose,"Health, Sports, Outdoor Gear, Beauty, Electronics","40, 58, 50"
553,57,Female,Houston,"Beauty, Pet Supplies, Toys, Health, Food","98, 40, 79"
554,43,Male,Phoenix,"Electronics, Beauty, Sports, Health, Clothing","21, 58, 79"
555,31,Female,San Jose,"Pet Supplies, Electronics, Food, Health, Clothing","17, 78, 9"
556,43,Male,San Jose,"Pet Supplies, Sports, Health, Home Goods, Food","71, 41, 27"
557,42,Male,San Antonio,"Food, Outdoor Gear, Pet Supplies, Home Goods, Toys","72, 81, 92"
558,62,Male,Los Angeles,"Clothing, Food, Health, Outdoor Gear, Pet Supplies","7, 77, 21"
559,50,Female,Phoenix,"Toys, Beauty, Sports, Clothing, Health","49, 11, 50"
560,31,Male,Los Angeles,"Pet Supplies, Health, Food, Toys, Home Goods","17, 75, 6"
561,65,Female,San Antonio,"Toys, Home Goods, Health, Clothing, Outdoor Gear","100, 34, 71"
562,32,Female,Houston,"Health, Home Goods, Food, Outdoor Gear, Beauty","57, 44, 67"
563,40,Female,Philadelphia,"Sports, Food, Home Goods, Outdoor Gear, Toys","5, 34, 58"
564,54,Male,Philadelphia,"Electronics, Outdoor Gear, Beauty, Food, Sports","46, 28, 19"
565,63,Female,Los Angeles,"Health, Toys, Sports, Home Goods, Pet Supplies","64, 7, 39"
566,64,Male,Philadelphia,"Outdoor Gear, Sports, Home Goods, Clothing, Food","57, 24, 54"
567,30,Female,San Jose,"Outdoor Gear, Health, Clothing, Pet Supplies, Home Goods","17, 10, 88"
568,59,Female,Houston,"Outdoor Gear, Clothing, Pet Supplies, Sports, Beauty","88, 96, 39"
569,49,Female,New York,"Food, Clothing, Beauty, Electronics, Sports","10, 89, 96"
570,38,Male,Dallas,"Outdoor Gear, Clothing, Food, Sports, Electronics","73, 58, 80"
571,63,Female,San Diego,"Electronics, Home Goods, Pet Supplies, Clothing, Health","77, 24, 39"
572,20,Male,San Antonio,"Electronics, Home Goods, Outdoor Gear, Health, Pet Supplies","33, 41, 80"
573,58,Male,Houston,"Electronics, Pet Supplies, Outdoor Gear, Health, Food","100, 75, 92"
574,24,Female,San Diego,"Outdoor Gear, Sports, Electronics, Beauty, Clothing","41, 81, 80"
575,36,Female,San Diego,"Electronics, Toys, Food, Pet Supplies, Clothing","55, 95, 47"
576,42,Female,Chicago,"Clothing, Home Goods, Food, Sports, Pet Supplies","94, 99, 98"
577,59,Male,Philadelphia,"Outdoor Gear, Food, Sports, Home Goods, Health","18, 45, 50"
578,40,Male,San Diego,"Sports, Electronics, Food, Toys, Health","56, 17, 93"
579,54,Male,Dallas,"Pet Supplies, Clothing, Food, Sports, Beauty","74, 52, 15"
580,33,Male,San Antonio,"Outdoor Gear, Toys, Electronics, Clothing, Sports","6, 55, 44"
581,45,Male,Houston,"Electronics, Beauty, Health, Sports, Food","29, 88, 65"
582,61,Male,Chicago,"Pet Supplies, Food, Health, Beauty, Sports","16, 14, 59"
583,30,Female,San Jose,"Toys, Home Goods, Food, Health, Electronics","24, 90, 21"
584,55,Male,Houston,"Health, Electronics, Clothing, Toys, Beauty","82, 28, 30"
585,33,Female,San Diego,"Health, Pet Supplies, Food, Beauty, Outdoor Gear","86, 54, 50"
586,21,Male,Houston,"Toys, Home Goods, Outdoor Gear, Beauty, Sports","81, 53, 55"
587,19,Male,San Antonio,"Electronics, Pet Supplies, Health, Clothing, Food","8, 14, 55"
588,34,Female,New York,"Beauty, Home Goods, Outdoor Gear, Clothing, Toys","51, 88, 59"
589,20,Male,Los Angeles,"Health, Beauty, Food, Home Goods, Toys","51, 79, 11"
590,26,Male,Phoenix,"Clothing, Outdoor Gear, Electronics, Food, Home Goods","93, 43, 82"
591,42,Female,San Diego,"Toys, Beauty, Home Goods, Sports, Electronics","48, 3, 52"
592,34,Male,Phoenix,"Toys, Outdoor Gear, Home Goods, Electronics, Pet Supplies","9, 30, 85"
593,56,Male,Philadelphia,"Outdoor Gear, Sports, Pet Supplies, Toys, Food","41, 26, 76"
594,23,Female,Phoenix,"Sports, Health, Clothing, Pet Supplies, Toys","97, 82, 65"
595,49,Female,San Antonio,"Outdoor Gear, Home Goods, Health, Sports, Pet Supplies","68, 63, 36"
596,64,Female,Chicago,"Outdoor Gear, Beauty, Toys, Clothing, Pet Supplies","25, 38, 46"
597,39,Female,Los Angeles,"Beauty, Pet Supplies, Clothing, Health, Electronics","67, 22, 10"
598,18,Male,San Jose,"Beauty, Home Goods, Food, Electronics, Health","44, 79, 4"
599,30,Male,Chicago,"Food, Beauty, Clothing, Sports, Outdoor Gear","55, 49, 63"
600,29,Male,Chicago,"Toys, Clothing, Sports, Electronics, Pet Supplies","36, 54, 78"
601,42,Male,San Diego,"Home Goods, Outdoor Gear, Food, Clothing, Electronics","28, 99, 99"
602,30,Female,Chicago,"Sports, Pet Supplies, Electronics, Toys, Food","80, 42, 98"
603,29,Male,Chicago,"Pet Supplies, Electronics, Home Goods, Health, Toys","90, 19, 26"
604,28,Female,San Jose,"Food, Clothing, Health, Pet Supplies, Sports","12, 55, 29"
605,24,Male,Houston,"Pet Supplies, Electronics, Outdoor Gear, Clothing, Sports","46, 40, 39"
606,57,Male,San Antonio,"Health, Clothing, Outdoor Gear, Electronics, Sports","99, 53, 87"
607,44,Female,San Jose,"Sports, Food, Toys, Clothing, Pet Supplies","31, 8, 59"
608,25,Male,Dallas,"Health, Clothing, Beauty, Pet Supplies, Home Goods","80, 90, 14"
609,63,Female,Dallas,"Home Goods, Outdoor Gear, Electronics, Food, Sports","99, 55, 86"
610,51,Female,New York,"Beauty, Food, Sports, Outdoor Gear, Toys","65, 97, 33"
611,54,Female,Los Angeles,"Beauty, Toys, Outdoor Gear, Pet Supplies, Sports","12, 3, 69"
612,60,Female,Houston,"Clothing, Electronics, Food, Pet Supplies, Outdoor Gear","64, 59, 12"
613,62,Female,San Jose,"Health, Beauty, Electronics, Sports, Food","59, 12, 23"
614,62,Male,San Jose,"Home Goods, Beauty, Outdoor Gear, Pet Supplies, Health","64, 60, 65"
615,61,Female,San Antonio,"Pet Supplies, Clothing, Electronics, Sports, Toys","93, 87, 87"
616,30,Female,Chicago,"Toys, Electronics, Clothing, Home Goods, Food","41, 8, 32"
617,52,Male,Phoenix,"Outdoor Gear, Toys, Sports, Home Goods, Pet Supplies","92, 62, 5"
618,57,Female,San Antonio,"Clothing, Health, Beauty, Sports, Food","87, 25, 50"
619,33,Male,Philadelphia,"Pet Supplies, Clothing, Electronics, Home Goods, Health","85, 39, 26"
620,27,Male,San Antonio,"Home Goods, Clothing, Outdoor Gear, Food, Beauty","37, 92, 70"
621,45,Female,Chicago,"Health, Clothing, Home Goods, Food, Beauty","72, 56, 5"
622,60,Female,Dallas,"Food, Electronics, Sports, Health, Pet Supplies","24, 11, 39"
623,42,Male,Dallas,"Food, Beauty, Electronics, Home Goods, Outdoor Gear","5, 83, 99"
624,61,Male,Dallas,"Electronics, Home Goods, Health, Sports, Pet Supplies","39, 35, 85"
625,51,Male,Dallas,"Clothing, Home Goods, Food, Electronics, Pet Supplies","29, 99, 65"
626,22,Female,New York,"Health, Pet Supplies, Toys, Sports, Electronics","88, 33, 100"
627,35,Female,Phoenix,"Beauty, Food, Outdoor Gear, Electronics, Home Goods","1, 30, 51"
628,43,Male,Phoenix,"Home Goods, Toys, Clothing, Beauty, Food","65, 74, 83"
629,48,Female,Los Angeles,"Beauty, Food, Clothing, Toys, Pet Supplies","39, 30, 75"
630,29,Female,Los Angeles,"Electronics, Beauty, Sports, Pet Supplies, Home Goods","74, 76, 10"
631,41,Male,Phoenix,"Clothing, Home Goods, Electronics, Sports, Pet Supplies","66, 36, 63"
632,23,Male,San Antonio,"Home Goods, Toys, Sports, Beauty, Health","33, 18, 33"
633,42,Male,Dallas,"Toys, Health, Clothing, Electronics, Pet Supplies","13, 59, 17"
634,57,Male,San Diego,"Pet Supplies, Beauty, Food, Electronics, Health","46, 45, 86"
635,64,Male,Chicago,"Food, Sports, Clothing, Home Goods, Beauty","30, 16, 29"
636,37,Male,Houston,"Outdoor Gear, Sports, Home Goods, Toys, Food","30, 7, 21"
637,56,Male,Philadelphia,"Home Goods, Health, Outdoor Gear, Beauty, Pet Supplies","65, 100, 27"
638,24,Male,New York,"Health, Electronics, Sports, Home Goods, Food","23, 56, 98"
639,23,Female,San Diego,"Clothing, Pet Supplies, Food, Health, Toys","82, 25, 5"
640,26,Male,San Jose,"Beauty, Sports, Outdoor Gear, Health, Pet Supplies","20, 36, 95"
641,44,Female,Phoenix,"Clothing, Sports, Toys, Home Goods, Outdoor Gear","78, 7, 73"
642,35,Male,San Jose,"Electronics, Toys, Food, Health, Sports","69, 13, 82"
643,55,Female,Dallas,"Electronics, Clothing, Beauty, Food, Sports","97, 56, 29"
644,56,Female,San Antonio,"Toys, Sports, Clothing, Health, Food","17, 3, 67"
645,52,Male,Philadelphia,"Outdoor Gear, Health, Food, Electronics, Sports","92, 61, 17"
646,35,Female,San Antonio,"Clothing, Health, Home Goods, Sports, Outdoor Gear","78, 23, 77"
647,48,Male,San Antonio,"Health, Clothing, Pet Supplies, Food, Beauty","25, 80, 33"
648,18,Male,San Jose,"Beauty, Electronics, Health, Outdoor Gear, Home Goods","92, 66, 37"
649,29,Female,San Jose,"Toys, Outdoor Gear, Pet Supplies, Electronics, Food","53, 35, 45"
650,25,Female,New York,"Health, Outdoor Gear, Clothing, Electronics, Food","33, 24, 66"
651,44,Male,Los Angeles,"Toys, Beauty, Outdoor Gear, Sports, Clothing","81, 4, 97"
652,23,Female,Dallas,"Toys, Clothing, Home Goods, Health, Outdoor Gear","99, 96, 73"
653,47,Female,Houston,"Food, Outdoor Gear, Home Goods, Health, Clothing","91, 88, 95"
654,63,Male,New York,"Sports, Toys, Pet Supplies, Health, Beauty","38, 92, 95"
655,52,Male,Phoenix,"Electronics, Home Goods, Food, Toys, Pet Supplies","49, 69, 32"
656,59,Female,Chicago,"Home Goods, Toys, Clothing, Food, Electronics","79, 54, 47"
657,53,Male,San Diego,"Electronics, Clothing, Sports, Food, Home Goods","82, 22, 84"
658,52,Female,New York,"Toys, Food, Sports, Outdoor Gear, Pet Supplies","27, 91, 6"
659,43,Female,Philadelphia,"Pet Supplies, Electronics, Clothing, Toys, Home Goods","90, 6, 14"
660,26,Female,New York,"Health, Clothing, Sports, Outdoor Gear, Toys","53, 25, 1"
661,21,Female,Phoenix,"Outdoor Gear, Electronics, Health, Home Goods, Toys","57, 77, 13"
662,24,Male,Chicago,"Food, Home Goods, Toys, Beauty, Pet Supplies","6, 77, 10"
663,47,Female,Dallas,"Beauty, Electronics, Home Goods, Food, Outdoor Gear","29, 48, 91"
664,42,Female,New York,"Electronics, Beauty, Home Goods, Food, Health","92, 17, 30"
665,53,Male,Houston,"Beauty, Outdoor Gear, Electronics, Clothing, Pet Supplies","13, 64, 13"
666,64,Female,San Diego,"Toys, Outdoor Gear, Home Goods, Electronics, Food","83, 80, 60"
667,53,Female,Philadelphia,"Electronics, Food, Clothing, Toys, Pet Supplies","21, 40, 57"
668,35,Female,Houston,"Outdoor Gear, Clothing, Sports, Food, Health","24, 52, 39"
669,23,Male,Dallas,"Home Goods, Toys, Electronics, Outdoor Gear, Clothing","19, 58, 91"
670,46,Male,Los Angeles,"Outdoor Gear, Clothing, Electronics, Health, Pet Supplies","57, 93, 68"
671,38,Female,San Jose,"Home Goods, Sports, Electronics, Food, Pet Supplies","7, 72, 89"
672,50,Male,Chicago,"Beauty, Electronics, Toys, Clothing, Pet Supplies","96, 8, 23"
673,49,Female,Dallas,"Home Goods, Beauty, Electronics, Pet Supplies, Outdoor Gear","41, 51, 44"
674,65,Female,San Jose,"Pet Supplies, Health, Home Goods, Toys, Sports","84, 4, 89"
675,29,Male,Dallas,"Pet Supplies, Sports, Home Goods, Electronics, Toys","34, 9, 78"
676,35,Female,Houston,"Beauty, Health, Clothing, Sports, Home Goods","88, 73, 12"
677,59,Female,Chicago,"Outdoor Gear, Clothing, Sports, Home Goods, Food","28, 60, 69"
678,20,Female,Chicago,"Sports, Pet Supplies, Outdoor Gear, Home Goods, Food","78, 12, 46"
679,61,Male,Phoenix,"Beauty, Home Goods, Sports, Health, Outdoor Gear","51, 95, 54"
680,42,Female,San Diego,"Home Goods, Clothing, Pet Supplies, Outdoor Gear, Electronics","42, 68, 16"
681,30,Male,New York,"Electronics, Clothing, Outdoor Gear, Pet Supplies, Toys","28, 25, 13"
682,34,Male,Houston,"Clothing, Beauty, Sports, Outdoor Gear, Home Goods","6, 15, 45"
683,41,Female,Houston,"Pet Supplies, Home Goods, Electronics, Clothing, Outdoor Gear","38, 63, 39"
684,65,Male,Phoenix,"Sports, Beauty, Toys, Food, Clothing","92, 41, 82"
685,45,Female,Chicago,"Sports, Home Goods, Health, Toys, Clothing","20, 5, 41"
686,47,Male,New York,"Health, Outdoor Gear, Sports, Clothing, Toys","11, 60, 27"
687,23,Male,Dallas,"Pet Supplies, Toys, Clothing, Health, Beauty","30, 71, 67"
688,43,Male,San Diego,"Sports, Electronics, Toys, Clothing, Beauty","88, 68, 72"
689,37,Male,Dallas,"Beauty, Health, Home Goods, Clothing, Food","44, 40, 13"
690,33,Female,New York,"Clothing, Health, Home Goods, Electronics, Sports","79, 63, 37"
691,36,Female,Houston,"Sports, Food, Outdoor Gear, Beauty, Home Goods","26, 67, 17"
692,60,Male,Philadelphia,"Food, Electronics, Toys, Sports, Clothing","44, 100, 14"
693,25,Male,Dallas,"Clothing, Food, Beauty, Sports, Toys","49, 14, 20"
694,63,Female,New York,"Beauty, Outdoor Gear, Pet Supplies, Health, Toys","43, 81, 35"
695,45,Female,Dallas,"Toys, Food, Beauty, Home Goods, Electronics","99, 17, 86"
696,55,Male,Chicago,"Outdoor Gear, Sports, Toys, Pet Supplies, Beauty","20, 19, 4"
697,47,Male,New York,"Outdoor Gear, Electronics, Toys, Sports, Home Goods","27, 11, 51"
698,49,Female,Dallas,"Pet Supplies, Beauty, Toys, Food, Health","3, 40, 62"
699,40,Male,Chicago,"Electronics, Food, Sports, Beauty, Outdoor Gear","24, 53, 73"
700,36,Male,New York,"Pet Supplies, Outdoor Gear, Electronics, Clothing, Beauty","14, 35, 30"
701,26,Female,Phoenix,"Food, Health, Clothing, Beauty, Electronics","4, 65, 75"
702,31,Female,Phoenix,"Pet Supplies, Clothing, Home Goods, Sports, Toys","39, 39, 16"
703,42,Male,Los Angeles,"Pet Supplies, Health, Sports, Outdoor Gear, Home Goods","28, 60, 89"
704,51,Female,Chicago,"Health, Outdoor Gear, Sports, Toys, Clothing","81, 66, 50"
705,35,Female,New York,"Sports, Pet Supplies, Outdoor Gear, Home Goods, Clothing","30, 98, 39"
706,56,Male,New York,"Electronics, Food, Health, Pet Supplies, Outdoor Gear","58, 97, 2"
707,32,Female,Chicago,"Electronics, Outdoor Gear, Food, Clothing, Toys","93, 49, 17"
708,65,Female,Los Angeles,"Clothing, Electronics, Outdoor Gear, Sports, Toys","14, 83, 17"
709,64,Male,Houston,"Outdoor Gear, Clothing, Home Goods, Electronics, Beauty","65, 86, 74"
710,51,Female,Phoenix,"Toys, Sports, Home Goods, Clothing, Health","22, 20, 29"
711,63,Male,Los Angeles,"Clothing, Home Goods, Food, Sports, Electronics","97, 28, 90"
712,29,Female,Philadelphia,"Toys, Outdoor Gear, Beauty, Clothing, Sports","76, 16, 47"
713,50,Female,New York,"Electronics, Home Goods, Food, Clothing, Sports","18, 32, 53"
714,30,Male,Houston,"Beauty, Sports, Electronics, Health, Outdoor Gear","55, 35, 63"
715,62,Male,San Diego,"Outdoor Gear, Health, Sports, Food, Pet Supplies","100, 56, 47"
716,64,Male,Houston,"Food, Home Goods, Pet Supplies, Electronics, Beauty","25, 24, 4"
717,35,Female,Philadelphia,"Pet Supplies, Health, Food, Outdoor Gear, Toys","80, 50, 77"
718,43,Female,Houston,"Food, Home Goods, Toys, Pet Supplies, Outdoor Gear","94, 8, 87"
719,48,Female,Phoenix,"Toys, Food, Outdoor Gear, Beauty, Clothing","25, 32, 69"
720,64,Male,San Diego,"Electronics, Beauty, Pet Supplies, Toys, Clothing","63, 98, 44"
721,57,Male,Dallas,"Electronics, Home Goods, Sports, Pet Supplies, Food","73, 3, 69"
722,34,Female,Los Angeles,"Home Goods, Health, Pet Supplies, Food, Beauty","70, 64, 39"
723,27,Female,San Jose,"Beauty, Sports, Food, Home Goods, Toys","39, 26, 78"
724,46,Male,Phoenix,"Clothing, Toys, Pet Supplies, Beauty, Outdoor Gear","31, 12, 83"
725,50,Female,Chicago,"Health, Sports, Home Goods, Food, Outdoor Gear","95, 29, 41"
726,57,Female,Houston,"Home Goods, Food, Clothing, Outdoor Gear, Sports","80, 22, 2"
727,28,Male,San Jose,"Toys, Pet Supplies, Clothing, Electronics, Home Goods","31, 27, 27"
728,42,Male,San Antonio,"Home Goods, Sports, Clothing, Toys, Health","90, 19, 66"
729,58,Female,San Diego,"Electronics, Beauty, Food, Pet Supplies, Clothing","42, 29, 84"
730,41,Male,Philadelphia,"Sports, Electronics, Health, Home Goods, Outdoor Gear","38, 11, 85"
731,52,Male,Phoenix,"Outdoor Gear, Food, Home Goods, Beauty, Health","7, 82, 63"
732,55,Female,New York,"Electronics, Sports, Beauty, Pet Supplies, Toys","60, 49, 25"
733,46,Female,Phoenix,"Clothing, Outdoor Gear, Electronics, Pet Supplies, Health","30, 85, 71"
734,29,Male,San Antonio,"Electronics, Home Goods, Health, Clothing, Outdoor Gear","38, 79, 93"
735,65,Female,Houston,"Beauty, Food, Health, Toys, Pet Supplies","91, 93, 45"
736,46,Female,Houston,"Clothing, Pet Supplies, Beauty, Toys, Health","85, 40, 42"
737,49,Male,Los Angeles,"Clothing, Sports, Electronics, Food, Toys","18, 26, 17"
738,62,Male,Phoenix,"Toys, Sports, Pet Supplies, Beauty, Health","4, 68, 68"
739,52,Male,Phoenix,"Home Goods, Health, Toys, Sports, Electronics","47, 76, 22"
740,19,Female,San Antonio,"Clothing, Toys, Food, Sports, Pet Supplies","86, 71, 44"
741,59,Female,Chicago,"Toys, Outdoor Gear, Beauty, Pet Supplies, Sports","85, 45, 19"
742,53,Female,New York,"Clothing, Health, Food, Pet Supplies, Home Goods","51, 50, 14"
743,26,Male,New York,"Toys, Electronics, Food, Outdoor Gear, Home Goods","64, 30, 37"
744,55,Male,Dallas,"Food, Health, Toys, Pet Supplies, Clothing","96, 84, 96"
745,22,Female,Philadelphia,"Food, Electronics, Pet Supplies, Sports, Toys","28, 96, 21"
746,35,Male,New York,"Sports, Food, Beauty, Electronics, Home Goods","37, 26, 66"
747,18,Female,Houston,"Pet Supplies, Food, Home Goods, Toys, Electronics","65, 46, 58"
748,61,Male,Houston,"Outdoor Gear, Food, Beauty, Electronics, Pet Supplies","4, 69, 31"
749,24,Female,Dallas,"Clothing, Pet Supplies, Electronics, Toys, Food","95, 10, 69"
750,51,Male,Houston,"Toys, Clothing, Home Goods, Outdoor Gear, Sports","47, 9, 28"
751,53,Female,Phoenix,"Sports, Food, Health, Electronics, Clothing","9, 87, 3"
752,39,Female,Chicago,"Food, Beauty, Sports, Toys, Pet Supplies","82, 59, 99"
753,25,Female,Dallas,"Home Goods, Beauty, Food, Health, Sports","22, 54, 84"
754,52,Male,San Diego,"Sports, Home Goods, Clothing, Pet Supplies, Toys","40, 47, 46"
755,59,Male,New York,"Sports, Health, Pet Supplies, Beauty, Electronics","75, 68, 51"
756,60,Male,New York,"Sports, Toys, Pet Supplies, Electronics, Clothing","98, 91, 57"
757,54,Male,Los Angeles,"Health, Food, Beauty, Electronics, Pet Supplies","17, 34, 97"
758,47,Male,Houston,"Electronics, Pet Supplies, Beauty, Health, Outdoor Gear","34, 6, 57"
759,19,Male,Los Angeles,"Food, Sports, Electronics, Outdoor Gear, Pet Supplies","94, 21, 18"
760,54,Female,Chicago,"Pet Supplies, Clothing, Outdoor Gear, Electronics, Beauty","40, 79, 89"
761,31,Male,Houston,"Beauty, Food, Outdoor Gear, Electronics, Sports","49, 26, 86"
762,54,Female,New York,"Health, Home Goods, Sports, Clothing, Food","98, 29, 25"
763,52,Male,Houston,"Toys, Beauty, Outdoor Gear, Pet Supplies, Electronics","8, 60, 31"
764,39,Male,San Diego,"Electronics, Home Goods, Outdoor Gear, Clothing, Beauty","100, 21, 7"
765,25,Male,New York,"Food, Beauty, Home Goods, Pet Supplies, Health","82, 55, 19"
766,28,Female,Chicago,"Pet Supplies, Electronics, Sports, Beauty, Clothing","24, 14, 27"
767,25,Female,Dallas,"Health, Toys, Sports, Outdoor Gear, Pet Supplies","61, 11, 35"
768,35,Female,Los Angeles,"Sports, Health, Food, Clothing, Outdoor Gear","54, 21, 46"
769,52,Female,Dallas,"Food, Electronics, Pet Supplies, Outdoor Gear, Clothing","58, 15, 13"
770,36,Male,Dallas,"Outdoor Gear, Electronics, Sports, Food, Beauty","75, 6, 25"
771,28,Male,San Jose,"Food, Beauty, Toys, Sports, Clothing","34, 81, 11"
772,44,Male,San Antonio,"Food, Beauty, Clothing, Health, Sports","16, 97, 39"
773,56,Female,Houston,"Home Goods, Pet Supplies, Electronics, Clothing, Health","1, 67, 78"
774,64,Male,Philadelphia,"Health, Outdoor Gear, Toys, Electronics, Food","98, 91, 40"
775,52,Female,Houston,"Electronics, Sports, Home Goods, Outdoor Gear, Toys","99, 61, 42"
776,33,Female,New York,"Clothing, Home Goods, Sports, Pet Supplies, Health","93, 12, 82"
777,42,Female,San Diego,"Food, Home Goods, Beauty, Outdoor Gear, Sports","8, 23, 23"
778,63,Male,Los Angeles,"Home Goods, Beauty, Pet Supplies, Electronics, Sports","75, 85, 32"
779,58,Male,Houston,"Electronics, Clothing, Health, Sports, Outdoor Gear","30, 62, 80"
780,31,Female,Los Angeles,"Outdoor Gear, Food, Sports, Health, Electronics","84, 64, 69"
781,35,Female,New York,"Electronics, Food, Beauty, Clothing, Toys","33, 18, 74"
782,19,Male,New York,"Home Goods, Outdoor Gear, Toys, Beauty, Sports","56, 7, 38"
783,46,Male,Houston,"Food, Sports, Home Goods, Toys, Clothing","12, 16, 96"
784,44,Female,New York,"Outdoor Gear, Food, Health, Toys, Clothing","75, 18, 78"
785,53,Male,San Jose,"Home Goods, Beauty, Toys, Health, Food","85, 48, 29"
786,18,Male,San Antonio,"Outdoor Gear, Food, Health, Beauty, Home Goods","37, 39, 58"
787,48,Male,Chicago,"Health, Sports, Electronics, Pet Supplies, Toys","100, 66, 59"
788,46,Female,Los Angeles,"Clothing, Sports, Home Goods, Pet Supplies, Outdoor Gear","67, 46, 27"
789,56,Male,Houston,"Beauty, Home Goods, Sports, Health, Food","42, 88, 95"
790,48,Female,Phoenix,"Outdoor Gear, Home Goods, Health, Food, Toys","19, 75, 1"
791,37,Female,Phoenix,"Sports, Beauty, Outdoor Gear, Toys, Electronics","35, 79, 10"
792,48,Male,San Jose,"Sports, Beauty, Pet Supplies, Home Goods, Toys","40, 91, 31"
793,43,Female,New York,"Electronics, Outdoor Gear, Health, Food, Pet Supplies","52, 15, 74"
794,65,Male,Houston,"Outdoor Gear, Clothing, Home Goods, Beauty, Health","31, 94, 65"
795,26,Female,Dallas,"Electronics, Beauty, Home Goods, Health, Outdoor Gear","81, 83, 63"
796,45,Female,San Diego,"Clothing, Home Goods, Food, Health, Toys","55, 68, 30"
797,53,Male,Houston,"Food, Pet Supplies, Clothing, Health, Home Goods","76, 1, 77"
798,21,Female,San Jose,"Home Goods, Sports, Clothing, Food, Electronics","76, 55, 3"
799,32,Female,Dallas,"Beauty, Toys, Electronics, Health, Sports","63, 70, 85"
800,29,Male,Dallas,"Health, Outdoor Gear, Electronics, Toys, Sports","83, 10, 59"
801,50,Male,Chicago,"Pet Supplies, Clothing, Food, Home Goods, Health","31, 17, 47"
802,60,Female,San Diego,"Outdoor Gear, Health, Sports, Food, Electronics","83, 44, 80"
803,44,Female,San Diego,"Beauty, Sports, Food, Toys, Clothing","70, 43, 48"
804,48,Female,Los Angeles,"Home Goods, Toys, Beauty, Food, Outdoor Gear","79, 6, 17"
805,34,Male,Philadelphia,"Clothing, Sports, Beauty, Food, Home Goods","40, 22, 47"
806,50,Female,New York,"Toys, Outdoor Gear, Beauty, Electronics, Food","42, 90, 27"
807,48,Female,San Antonio,"Pet Supplies, Food, Electronics, Clothing, Sports","18, 65, 42"
808,23,Female,New York,"Outdoor Gear, Electronics, Food, Toys, Home Goods","2, 3, 12"
809,58,Male,San Antonio,"Pet Supplies, Outdoor Gear, Clothing, Beauty, Health","4, 75, 76"
810,53,Male,Los Angeles,"Home Goods, Outdoor Gear, Electronics, Clothing, Food","12, 63, 51"
811,53,Female,San Jose,"Beauty, Pet Supplies, Home Goods, Electronics, Food","61, 71, 93"
812,58,Male,Chicago,"Home Goods, Pet Supplies, Food, Toys, Electronics","61, 49, 58"
813,54,Male,Philadelphia,"Home Goods, Pet Supplies, Food, Toys, Beauty","90, 12, 44"
814,37,Female,New York,"Sports, Toys, Food, Electronics, Beauty","3, 34, 95"
815,22,Female,Phoenix,"Electronics, Home Goods, Outdoor Gear, Beauty, Health","79, 11, 26"
816,26,Female,Dallas,"Food, Toys, Electronics, Outdoor Gear, Sports","25, 28, 24"
817,39,Male,Dallas,"Health, Pet Supplies, Sports, Electronics, Clothing","100, 84, 2"
818,39,Male,Chicago,"Toys, Pet Supplies, Clothing, Beauty, Health","32, 28, 69"
819,26,Female,New York,"Outdoor Gear, Clothing, Electronics, Toys, Pet Supplies","63, 6, 86"
820,24,Male,Houston,"Beauty, Toys, Outdoor Gear, Health, Pet Supplies","38, 84, 44"
821,35,Female,Phoenix,"Sports, Toys, Outdoor Gear, Home Goods, Clothing","3, 4, 78"
822,28,Female,Philadelphia,"Home Goods, Beauty, Outdoor Gear, Pet Supplies, Sports","63, 37, 58"
823,44,Male,San Antonio,"Home Goods, Electronics, Pet Supplies, Toys, Health","47, 60, 43"
824,38,Male,San Diego,"Pet Supplies, Home Goods, Toys, Beauty, Food","56, 59, 77"
825,34,Male,Dallas,"Food, Clothing, Electronics, Sports, Health","6, 4, 71"
826,34,Male,Phoenix,"Electronics, Outdoor Gear, Clothing, Beauty, Toys","10, 16, 3"
827,20,Female,San Antonio,"Pet Supplies, Electronics, Outdoor Gear, Beauty, Health","90, 17, 23"
828,26,Female,New York,"Outdoor Gear, Electronics, Pet Supplies, Food, Home Goods","59, 60, 19"
829,52,Male,Dallas,"Food, Beauty, Toys, Electronics, Health","24, 40, 5"
830,25,Male,Phoenix,"Clothing, Sports, Electronics, Outdoor Gear, Health","64, 13, 24"
831,50,Male,Houston,"Sports, Electronics, Beauty, Clothing, Health","16, 28, 94"
832,64,Male,New York,"Outdoor Gear, Health, Toys, Food, Clothing","23, 98, 56"
833,33,Male,Houston,"Sports, Electronics, Outdoor Gear, Health, Food","51, 47, 39"
834,35,Female,San Antonio,"Food, Home Goods, Health, Toys, Sports","75, 96, 40"
835,27,Male,Dallas,"Electronics, Home Goods, Outdoor Gear, Health, Beauty","21, 38, 8"
836,46,Female,New York,"Toys, Food, Beauty, Clothing, Pet Supplies","34, 49, 18"
837,41,Male,San Jose,"Pet Supplies, Home Goods, Clothing, Toys, Beauty","67, 6, 9"
838,43,Male,New York,"Toys, Clothing, Outdoor Gear, Electronics, Sports","64, 59, 28"
839,35,Female,New York,"Sports, Food, Outdoor Gear, Toys, Pet Supplies","48, 44, 80"
840,25,Female,San Jose,"Clothing, Toys, Health, Pet Supplies, Beauty","73, 25, 70"
841,55,Female,Houston,"Outdoor Gear, Health, Food, Toys, Sports","16, 70, 10"
842,50,Female,Phoenix,"Outdoor Gear, Clothing, Electronics, Food, Toys","100, 99, 78"
843,65,Female,San Antonio,"Outdoor Gear, Toys, Sports, Health, Clothing","61, 92, 80"
844,19,Male,Chicago,"Electronics, Pet Supplies, Toys, Health, Sports","12, 44, 85"
845,57,Male,Chicago,"Home Goods, Electronics, Outdoor Gear, Clothing, Food","88, 9, 15"
846,54,Female,Philadelphia,"Clothing, Food, Home Goods, Electronics, Beauty","27, 28, 71"
847,56,Male,Los Angeles,"Electronics, Food, Toys, Clothing, Outdoor Gear","26, 81, 45"
848,42,Male,San Diego,"Home Goods, Toys, Food, Health, Electronics","92, 64, 48"
849,59,Female,Los Angeles,"Electronics, Outdoor Gear, Pet Supplies, Sports, Beauty","24, 48, 91"
850,49,Male,San Antonio,"Sports, Toys, Home Goods, Beauty, Clothing","89, 43, 18"
851,48,Male,Chicago,"Health, Home Goods, Food, Beauty, Sports","24, 56, 60"
852,41,Male,San Antonio,"Pet Supplies, Food, Outdoor Gear, Beauty, Electronics","79, 5, 53"
853,43,Female,Dallas,"Home Goods, Electronics, Pet Supplies, Outdoor Gear, Food","86, 2, 31"
854,65,Male,San Diego,"Toys, Outdoor Gear, Home Goods, Health, Food","74, 84, 99"
855,44,Female,Houston,"Electronics, Health, Home Goods, Food, Pet Supplies","35, 13, 34"
856,27,Female,San Jose,"Sports, Food, Home Goods, Beauty, Toys","16, 98, 35"
857,45,Female,Philadelphia,"Electronics, Home Goods, Clothing, Sports, Outdoor Gear","52, 72, 50"
858,51,Male,Chicago,"Home Goods, Health, Clothing, Toys, Food","31, 77, 88"
859,24,Female,San Diego,"Electronics, Sports, Food, Clothing, Outdoor Gear","44, 52, 10"
860,60,Female,Phoenix,"Sports, Toys, Clothing, Outdoor Gear, Food","92, 90, 12"
861,55,Female,Houston,"Home Goods, Sports, Health, Toys, Food","62, 99, 8"
862,65,Male,Philadelphia,"Food, Sports, Outdoor Gear, Clothing, Beauty","5, 63, 37"
863,64,Female,Phoenix,"Toys, Home Goods, Food, Health, Sports","25, 74, 98"
864,54,Female,Dallas,"Health, Toys, Home Goods, Electronics, Beauty","89, 31, 62"
865,34,Female,Philadelphia,"Beauty, Toys, Sports, Food, Pet Supplies","94, 73, 82"
866,49,Female,Chicago,"Outdoor Gear, Home Goods, Beauty, Health, Toys","8, 56, 90"
867,34,Male,Chicago,"Electronics, Home Goods, Food, Toys, Clothing","19, 45, 68"
868,40,Female,San Antonio,"Beauty, Pet Supplies, Clothing, Health, Home Goods","78, 70, 82"
869,37,Male,Chicago,"Home Goods, Beauty, Food, Pet Supplies, Health","25, 59, 71"
870,53,Female,Houston,"Clothing, Pet Supplies, Electronics, Health, Toys","89, 62, 5"
871,49,Female,Los Angeles,"Pet Supplies, Clothing, Outdoor Gear, Home Goods, Toys","20, 3, 59"
872,61,Female,San Diego,"Health, Outdoor Gear, Pet Supplies, Beauty, Electronics","52, 79, 2"
873,29,Male,Houston,"Beauty, Sports, Health, Home Goods, Toys","61, 22, 43"
874,30,Female,Houston,"Pet Supplies, Home Goods, Electronics, Beauty, Sports","78, 59, 18"
875,41,Female,Philadelphia,"Clothing, Electronics, Toys, Sports, Pet Supplies","23, 21, 42"
876,38,Female,San Antonio,"Toys, Home Goods, Pet Supplies, Health, Outdoor Gear","87, 43, 18"
877,19,Female,San Diego,"Pet Supplies, Health, Sports, Home Goods, Beauty","61, 85, 53"
878,47,Female,New York,"Pet Supplies, Health, Food, Beauty, Clothing","61, 14, 69"
879,61,Female,Philadelphia,"Home Goods, Electronics, Outdoor Gear, Toys, Health","65, 91, 60"
880,44,Female,Philadelphia,"Home Goods, Pet Supplies, Electronics, Beauty, Food","62, 98, 89"
881,32,Female,San Jose,"Health, Beauty, Sports, Outdoor Gear, Toys","59, 41, 43"
882,44,Female,Philadelphia,"Health, Clothing, Home Goods, Toys, Electronics","99, 94, 72"
883,39,Male,Los Angeles,"Beauty, Outdoor Gear, Health, Clothing, Sports","20, 35, 80"
884,28,Male,Dallas,"Toys, Health, Outdoor Gear, Food, Sports","44, 81, 55"
885,41,Male,Chicago,"Beauty, Outdoor Gear, Clothing, Pet Supplies, Home Goods","93, 37, 37"
886,51,Female,Houston,"Toys, Outdoor Gear, Food, Sports, Health","32, 51, 83"
887,24,Male,Philadelphia,"Beauty, Health, Home Goods, Food, Electronics","66, 3, 38"
888,32,Female,Los Angeles,"Food, Electronics, Health, Toys, Home Goods","30, 78, 76"
889,33,Male,New York,"Outdoor Gear, Beauty, Health, Sports, Food","23, 12, 73"
890,19,Female,San Diego,"Outdoor Gear, Home Goods, Toys, Food, Sports","9, 3, 4"
891,40,Female,Dallas,"Sports, Beauty, Toys, Electronics, Food","13, 63, 14"
892,59,Female,Chicago,"Home Goods, Clothing, Outdoor Gear, Sports, Health","95, 52, 7"
893,38,Female,Phoenix,"Beauty, Home Goods, Outdoor Gear, Pet Supplies, Health","73, 41, 88"
894,18,Male,San Jose,"Pet Supplies, Electronics, Beauty, Clothing, Outdoor Gear","78, 98, 29"
895,25,Male,Philadelphia,"Pet Supplies, Health, Toys, Food, Sports","63, 37, 36"
896,43,Female,Chicago,"Beauty, Sports, Food, Outdoor Gear, Health","10, 100, 36"
897,44,Male,Los Angeles,"Outdoor Gear, Home Goods, Electronics, Pet Supplies, Health","100, 42, 55"
898,62,Male,Chicago,"Home Goods, Health, Pet Supplies, Clothing, Toys","15, 36, 13"
899,49,Male,San Diego,"Clothing, Beauty, Food, Home Goods, Pet Supplies","10, 79, 85"
900,41,Male,New York,"Beauty, Health, Clothing, Pet Supplies, Sports","18, 17, 79"
901,56,Male,New York,"Toys, Outdoor Gear, Food, Pet Supplies, Health","79, 70, 10"
902,41,Male,Chicago,"Toys, Health, Outdoor Gear, Clothing, Sports","78, 35, 8"
903,45,Male,San Jose,"Toys, Health, Pet Supplies, Beauty, Electronics","86, 10, 28"
904,63,Male,San Jose,"Toys, Pet Supplies, Clothing, Home Goods, Electronics","1, 89, 20"
905,38,Male,Phoenix,"Home Goods, Toys, Outdoor Gear, Food, Clothing","83, 50, 61"
906,36,Female,Houston,"Outdoor Gear, Food, Electronics, Toys, Pet Supplies","19, 7, 54"
907,23,Female,Los Angeles,"Health, Clothing, Outdoor Gear, Beauty, Food","79, 77, 39"
908,36,Female,Phoenix,"Home Goods, Electronics, Food, Sports, Pet Supplies","78, 16, 80"
909,25,Male,Phoenix,"Health, Sports, Outdoor Gear, Electronics, Food","31, 1, 79"
910,49,Female,Los Angeles,"Toys, Beauty, Health, Outdoor Gear, Home Goods","34, 38, 39"
911,30,Female,Philadelphia,"Food, Beauty, Home Goods, Electronics, Outdoor Gear","96, 66, 65"
912,62,Male,Los Angeles,"Beauty, Health, Home Goods, Clothing, Toys","1, 39, 82"
913,33,Male,Dallas,"Outdoor Gear, Clothing, Home Goods, Toys, Sports","13, 53, 26"
914,65,Male,Philadelphia,"Pet Supplies, Clothing, Home Goods, Electronics, Toys","27, 51, 19"
915,39,Male,Houston,"Sports, Food, Toys, Home Goods, Pet Supplies","38, 32, 68"
916,36,Male,Houston,"Clothing, Food, Sports, Health, Outdoor Gear","53, 66, 49"
917,53,Female,New York,"Sports, Beauty, Electronics, Pet Supplies, Home Goods","45, 78, 91"
918,44,Male,Phoenix,"Electronics, Food, Clothing, Toys, Health","82, 7, 28"
919,65,Male,Dallas,"Home Goods, Sports, Clothing, Toys, Electronics","73, 27, 34"
920,44,Male,Philadelphia,"Sports, Beauty, Toys, Clothing, Pet Supplies","6, 50, 17"
921,37,Female,Houston,"Outdoor Gear, Food, Pet Supplies, Clothing, Health","47, 26, 60"
922,40,Male,Phoenix,"Toys, Food, Pet Supplies, Health, Home Goods","61, 41, 99"
923,25,Female,San Jose,"Clothing, Sports, Health, Electronics, Toys","56, 99, 74"
924,61,Female,Houston,"Health, Beauty, Pet Supplies, Toys, Outdoor Gear","21, 14, 18"
925,44,Female,San Diego,"Beauty, Outdoor Gear, Electronics, Health, Pet Supplies","52, 32, 18"
926,61,Female,San Antonio,"Pet Supplies, Health, Beauty, Clothing, Toys","61, 59, 34"
927,63,Female,San Antonio,"Pet Supplies, Toys, Outdoor Gear, Health, Food","53, 87, 88"
928,48,Male,Dallas,"Sports, Clothing, Health, Pet Supplies, Outdoor Gear","70, 4, 50"
929,25,Female,Dallas,"Home Goods, Food, Electronics, Toys, Sports","63, 86, 44"
930,64,Male,Philadelphia,"Food, Sports, Home Goods, Pet Supplies, Beauty","8, 13, 57"
931,60,Female,San Diego,"Food, Pet Supplies, Clothing, Toys, Beauty","91, 98, 74"
932,54,Male,Philadelphia,"Food, Pet Supplies, Sports, Electronics, Beauty","42, 29, 40"
933,60,Female,Philadelphia,"Toys, Beauty, Home Goods, Sports, Outdoor Gear","60, 32, 45"
934,43,Male,Los Angeles,"Health, Sports, Toys, Outdoor Gear, Electronics","51, 35, 80"
935,25,Female,San Antonio,"Home Goods, Electronics, Pet Supplies, Clothing, Health","40, 19, 1"
936,31,Male,San Diego,"Electronics, Pet Supplies, Health, Beauty, Outdoor Gear","70, 5, 72"
937,37,Female,San Diego,"Pet Supplies, Beauty, Toys, Health, Electronics","1, 77, 73"
938,33,Male,Philadelphia,"Food, Pet Supplies, Outdoor Gear, Home Goods, Electronics","41, 30, 84"
939,31,Female,Chicago,"Beauty, Outdoor Gear, Sports, Toys, Electronics","84, 46, 62"
940,44,Female,Phoenix,"Outdoor Gear, Electronics, Food, Pet Supplies, Clothing","31, 45, 10"
941,42,Female,San Diego,"Electronics, Sports, Clothing, Health, Outdoor Gear","21, 92, 56"
942,25,Male,San Jose,"Electronics, Health, Clothing, Home Goods, Beauty","39, 2, 20"
943,27,Male,San Antonio,"Outdoor Gear, Electronics, Clothing, Toys, Beauty","29, 68, 74"
944,54,Female,San Antonio,"Home Goods, Outdoor Gear, Electronics, Clothing, Toys","37, 37, 18"
945,59,Male,San Jose,"Food, Health, Home Goods, Beauty, Outdoor Gear","89, 12, 20"
946,40,Female,San Diego,"Home Goods, Sports, Clothing, Pet Supplies, Toys","17, 66, 41"
947,58,Male,San Jose,"Health, Beauty, Outdoor Gear, Clothing, Food","88, 94, 46"
948,58,Male,Chicago,"Electronics, Toys, Sports, Food, Outdoor Gear","54, 90, 44"
949,23,Male,New York,"Clothing, Health, Toys, Home Goods, Beauty","50, 6, 99"
950,51,Male,San Jose,"Beauty, Sports, Food, Pet Supplies, Health","72, 19, 36"
951,23,Female,New York,"Clothing, Sports, Beauty, Pet Supplies, Toys","22, 81, 42"
952,48,Female,San Antonio,"Toys, Pet Supplies, Food, Health, Electronics","38, 46, 44"
953,63,Female,San Jose,"Electronics, Clothing, Sports, Outdoor Gear, Health","19, 72, 12"
954,53,Female,Los Angeles,"Outdoor Gear, Sports, Home Goods, Beauty, Clothing","60, 37, 39"
955,20,Female,Los Angeles,"Home Goods, Beauty, Food, Health, Clothing","16, 65, 47"
956,37,Female,San Diego,"Sports, Food, Toys, Home Goods, Electronics","55, 86, 99"
957,49,Female,Houston,"Clothing, Outdoor Gear, Beauty, Toys, Pet Supplies","41, 56, 1"
958,42,Female,San Antonio,"Food, Toys, Sports, Pet Supplies, Health","90, 24, 90"
959,44,Female,San Jose,"Pet Supplies, Electronics, Beauty, Toys, Food","6, 80, 64"
960,38,Female,New York,"Toys, Sports, Outdoor Gear, Beauty, Home Goods","46, 1, 46"
961,36,Female,San Jose,"Toys, Electronics, Home Goods, Pet Supplies, Food","88, 75, 34"
962,55,Female,San Antonio,"Outdoor Gear, Food, Home Goods, Electronics, Pet Supplies","78, 77, 17"
963,65,Female,San Antonio,"Sports, Toys, Pet Supplies, Outdoor Gear, Beauty","8, 3, 65"
964,55,Female,Chicago,"Outdoor Gear, Health, Home Goods, Clothing, Electronics","11, 29, 16"
965,45,Female,Philadelphia,"Electronics, Beauty, Clothing, Outdoor Gear, Food","76, 100, 1"
966,54,Male,Chicago,"Sports, Food, Home Goods, Toys, Electronics","55, 65, 35"
967,57,Male,New York,"Food, Pet Supplies, Toys, Beauty, Health","87, 30, 60"
968,28,Male,San Antonio,"Pet Supplies, Food, Sports, Clothing, Beauty","65, 74, 41"
969,31,Male,New York,"Beauty, Electronics, Home Goods, Pet Supplies, Food","69, 29, 33"
970,58,Male,Philadelphia,"Toys, Pet Supplies, Clothing, Food, Beauty","75, 86, 75"
971,54,Male,New York,"Toys, Health, Pet Supplies, Sports, Beauty","21, 94, 6"
972,21,Female,San Diego,"Sports, Electronics, Clothing, Toys, Home Goods","73, 11, 58"
973,46,Male,Philadelphia,"Sports, Toys, Food, Health, Electronics","86, 66, 61"
974,30,Male,San Antonio,"Beauty, Outdoor Gear, Toys, Home Goods, Pet Supplies","79, 15, 35"
975,19,Female,New York,"Food, Home Goods, Beauty, Toys, Electronics","96, 100, 58"
976,20,Female,San Jose,"Toys, Sports, Food, Electronics, Health","84, 94, 87"
977,46,Male,San Jose,"Toys, Food, Home Goods, Health, Outdoor Gear","47, 62, 41"
978,62,Male,San Jose,"Toys, Home Goods, Electronics, Pet Supplies, Clothing","48, 57, 12"
979,62,Female,Phoenix,"Clothing, Beauty, Outdoor Gear, Sports, Pet Supplies","39, 8, 98"
980,47,Male,Phoenix,"Beauty, Electronics, Pet Supplies, Health, Home Goods","19, 58, 29"
981,48,Female,Houston,"Food, Outdoor Gear, Pet Supplies, Health, Home Goods","29, 87, 22"
982,29,Male,Phoenix,"Home Goods, Health, Pet Supplies, Food, Sports","74, 52, 100"
983,53,Female,Phoenix,"Home Goods, Beauty, Toys, Pet Supplies, Clothing","74, 95, 92"
984,45,Female,New York,"Health, Outdoor Gear, Clothing, Pet Supplies, Electronics","37, 10, 45"
985,60,Male,San Jose,"Sports, Pet Supplies, Home Goods, Food, Toys","87, 61, 19"
986,36,Male,New York,"Clothing, Sports, Beauty, Home Goods, Pet Supplies","93, 10, 99"
987,52,Female,Los Angeles,"Sports, Beauty, Pet Supplies, Electronics, Food","92, 72, 84"
988,30,Female,Los Angeles,"Sports, Beauty, Electronics, Health, Outdoor Gear","34, 97, 68"
989,58,Female,Chicago,"Toys, Clothing, Beauty, Health, Home Goods","25, 99, 1"
990,52,Female,Philadelphia,"Food, Home Goods, Toys, Health, Beauty","5, 25, 82"
991,60,Male,San Antonio,"Food, Toys, Home Goods, Health, Electronics","12, 81, 73"
992,18,Male,Chicago,"Sports, Toys, Clothing, Health, Electronics","63, 1, 89"
993,48,Male,Phoenix,"Toys, Outdoor Gear, Pet Supplies, Sports, Food","55, 75, 77"
994,58,Female,New York,"Sports, Beauty, Home Goods, Food, Clothing","41, 98, 7"
995,21,Male,Dallas,"Electronics, Toys, Health, Sports, Food","26, 66, 68"
996,48,Male,Philadelphia,"Health, Food, Pet Supplies, Electronics, Sports","81, 45, 26"
997,30,Male,Phoenix,"Pet Supplies, Food, Electronics, Health, Sports","72, 91, 48"
998,50,Female,Philadelphia,"Outdoor Gear, Clothing, Food, Pet Supplies, Toys","70, 29, 73"
999,52,Female,San Jose,"Beauty, Food, Pet Supplies, Outdoor Gear, Clothing","100, 60, 76"
